<?xml version='1.0' encoding='UTF-8'?>
<!DOCTYPE X3D PUBLIC "ISO//Web3D//DTD X3D 3.0//EN" "http://www.web3d.org/specifications/x3d-3.0.dtd">
<X3D profile='Immersive' xmlns:xsd='http://www.w3.org/2001/XMLSchema-instance' version='3.0' xsd:noNamespaceSchemaLocation='http://www.web3d.org/specifications/x3d-3.0.xsd'>
	<Scene>
		<Transform>
			<NavigationInfo headlight='false' type='"EXAMINE"'/>
			<DirectionalLight intensity='0.4' ambientIntensity='0.05' direction='1 1 -1'/>
			<DirectionalLight intensity='0.4' ambientIntensity='0.05' direction='0 -0.7 -1'/>
			<DirectionalLight intensity='0.4' ambientIntensity='0.05' direction='-0.7 0 -1'/>
			<DirectionalLight intensity='0.4' ambientIntensity='0.05' direction='-1 -1 1'/>
			<DirectionalLight intensity='0.4' ambientIntensity='0.05' direction='0 0.7 1'/>
			<DirectionalLight intensity='0.4' ambientIntensity='0.05' direction='0.7 0 1'/>
			<Viewpoint position='0 0 340'/>
			<Transform translation='0.000000 0.000000 0.000000'>
				<Shape>
					<Box size='2.000000 2.000000 100.000000'/>
					<Appearance>
						<Material diffuseColor='0.700000 0.700000 0.700000'/>
					</Appearance>
				</Shape>
			</Transform>
			<Transform translation='-3.000000 -2.000000 55.000000'>
				<Shape>
					<Text string='"L"'>
						<FontStyle style='BOLD' family='"SANS"' size='7.000000'/>
					</Text>
					<Appearance Material=''>
						<Material diffuseColor='0.700000 0.700000 0.700000'/>
					</Appearance>
				</Shape>
			</Transform>
			<Transform translation='50.000000 0.000000 -50.000000'>
				<Shape>
					<Box size='100.000000 2.000000 2.000000'/>
					<Appearance>
						<Material diffuseColor='1.000000 0.000000 0.000000'/>
					</Appearance>
				</Shape>
			</Transform>
			<Transform translation='102.000000 -2.000000 -50.000000'>
				<Shape>
					<Text string='"+a"'>
						<FontStyle style='BOLD' family='"SANS"' size='7.000000'/>
					</Text>
					<Appearance Material=''>
						<Material diffuseColor='1.000000 0.000000 0.000000'/>
					</Appearance>
				</Shape>
			</Transform>
			<Transform translation='0.000000 -50.000000 -50.000000'>
				<Shape>
					<Box size='2.000000 100.000000 2.000000'/>
					<Appearance>
						<Material diffuseColor='0.000000 0.000000 1.000000'/>
					</Appearance>
				</Shape>
			</Transform>
			<Transform translation='-3.000000 -107.000000 -50.000000'>
				<Shape>
					<Text string='"-b"'>
						<FontStyle style='BOLD' family='"SANS"' size='7.000000'/>
					</Text>
					<Appearance Material=''>
						<Material diffuseColor='0.000000 0.000000 1.000000'/>
					</Appearance>
				</Shape>
			</Transform>
			<Transform translation='-50.000000 0.000000 -50.000000'>
				<Shape>
					<Box size='100.000000 2.000000 2.000000'/>
					<Appearance>
						<Material diffuseColor='0.000000 1.000000 0.000000'/>
					</Appearance>
				</Shape>
			</Transform>
			<Transform translation='-108.000000 -2.000000 -50.000000'>
				<Shape>
					<Text string='"-a"'>
						<FontStyle style='BOLD' family='"SANS"' size='7.000000'/>
					</Text>
					<Appearance Material=''>
						<Material diffuseColor='0.000000 1.000000 0.000000'/>
					</Appearance>
				</Shape>
			</Transform>
			<Transform translation='0.000000 50.000000 -50.000000'>
				<Shape>
					<Box size='2.000000 100.000000 2.000000'/>
					<Appearance>
						<Material diffuseColor='1.000000 1.000000 0.000000'/>
					</Appearance>
				</Shape>
			</Transform>
			<Transform translation='-3.000000 103.000000 -50.000000'>
				<Shape>
					<Text string='"+b"'>
						<FontStyle style='BOLD' family='"SANS"' size='7.000000'/>
					</Text>
					<Appearance Material=''>
						<Material diffuseColor='1.000000 1.000000 0.000000'/>
					</Appearance>
				</Shape>
			</Transform>
			<Shape>
				<IndexedLineSet colorPerVertex='false' coordIndex='0 111 -1 20 111 -1 23 111 -1 111 112 -1 118 165 -1 44 46 -1 46 169 -1 3 169 -1 115 174 -1 82 177 -1 68 177 -1 83 177 -1 177 181 -1 118 187 -1 163 168 -1 168 189 -1 162 190 -1 162 191 -1 157 192 -1 162 192 -1 157 187 -1 187 192 -1 114 193 -1 131 193 -1 114 195 -1 105 203 -1 114 203 -1 163 205 -1 138 164 -1 164 206 -1 194 200 -1 200 207 -1 196 207 -1 142 159 -1 159 209 -1 199 206 -1 206 211 -1 161 167 -1 167 212 -1 161 212 -1 185 188 -1 188 213 -1 193 195 -1 195 213 -1 165 166 -1 166 214 -1 164 178 -1 178 215 -1 164 215 -1 206 215 -1 201 216 -1 216 217 -1 204 217 -1 197 209 -1 209 219 -1 159 219 -1 99 220 -1 103 220 -1 198 221 -1 208 210 -1 210 221 -1 196 197 -1 197 222 -1 159 222 -1 197 219 -1 219 222 -1 108 223 -1 107 223 -1 107 220 -1 220 223 -1 218 223 -1 201 224 -1 195 225 -1 110 129 -1 129 226 -1 197 226 -1 129 142 -1 142 226 -1 142 209 -1 209 226 -1 201 208 -1 208 229 -1 208 221 -1 221 229 -1 218 230 -1 223 230 -1 204 216 -1 216 236 -1 216 224 -1 224 236 -1 1 54 -1 54 237 -1 1 237 -1 99 237 -1 95 204 -1 204 238 -1 204 236 -1 236 238 -1 194 207 -1 207 240 -1 218 242 -1 95 243 -1 95 238 -1 238 243 -1 94 96 -1 96 244 -1 196 245 -1 196 222 -1 222 245 -1 207 245 -1 198 199 -1 199 246 -1 198 246 -1 195 203 -1 203 248 -1 105 248 -1 195 248 -1 222 249 -1 240 245 -1 245 249 -1 211 215 -1 215 250 -1 178 250 -1 178 180 -1 180 250 -1 199 211 -1 211 250 -1 199 250 -1 186 194 -1 194 251 -1 194 240 -1 240 251 -1 223 228 -1 228 252 -1 228 235 -1 235 252 -1 98 101 -1 101 253 -1 56 57 -1 57 254 -1 57 59 -1 59 254 -1 201 256 -1 201 229 -1 229 256 -1 161 202 -1 202 257 -1 202 212 -1 212 257 -1 212 249 -1 249 257 -1 222 257 -1 218 220 -1 220 258 -1 220 237 -1 237 258 -1 54 258 -1 201 259 -1 15 19 -1 19 262 -1 19 24 -1 24 262 -1 22 262 -1 141 263 -1 141 193 -1 193 263 -1 163 263 -1 193 213 -1 213 263 -1 188 263 -1 224 264 -1 236 264 -1 100 102 -1 102 264 -1 102 243 -1 243 264 -1 238 264 -1 98 265 -1 105 265 -1 98 253 -1 253 265 -1 239 261 -1 261 266 -1 260 266 -1 176 180 -1 180 267 -1 235 269 -1 252 269 -1 184 270 -1 184 186 -1 186 270 -1 186 251 -1 251 270 -1 235 271 -1 159 161 -1 161 272 -1 159 272 -1 161 257 -1 257 272 -1 222 272 -1 224 256 -1 256 273 -1 2 274 -1 2 97 -1 97 274 -1 94 274 -1 94 244 -1 244 274 -1 85 275 -1 85 268 -1 268 275 -1 87 275 -1 96 275 -1 244 275 -1 201 217 -1 217 276 -1 201 276 -1 54 56 -1 56 277 -1 54 277 -1 56 254 -1 254 277 -1 218 277 -1 218 258 -1 258 277 -1 167 278 -1 212 278 -1 227 279 -1 227 247 -1 247 279 -1 247 255 -1 255 279 -1 255 262 -1 262 279 -1 253 280 -1 208 281 -1 208 259 -1 259 281 -1 198 210 -1 210 281 -1 240 249 -1 249 282 -1 240 282 -1 166 282 -1 167 282 -1 249 278 -1 278 282 -1 61 65 -1 65 283 -1 65 69 -1 69 283 -1 178 284 -1 221 285 -1 225 248 -1 248 286 -1 248 265 -1 265 286 -1 265 280 -1 280 286 -1 229 287 -1 256 287 -1 218 288 -1 218 254 -1 254 288 -1 59 61 -1 61 288 -1 61 283 -1 283 288 -1 59 288 -1 235 289 -1 253 269 -1 269 289 -1 269 271 -1 271 289 -1 196 290 -1 100 291 -1 100 264 -1 264 291 -1 85 91 -1 91 292 -1 85 292 -1 58 293 -1 58 274 -1 274 293 -1 106 109 -1 109 294 -1 109 223 -1 223 294 -1 223 252 -1 252 294 -1 229 285 -1 285 295 -1 229 295 -1 184 185 -1 185 296 -1 185 213 -1 213 296 -1 107 108 -1 108 297 -1 13 15 -1 15 299 -1 15 262 -1 262 299 -1 13 299 -1 162 168 -1 168 300 -1 168 188 -1 188 300 -1 185 300 -1 185 270 -1 270 300 -1 251 300 -1 251 282 -1 282 300 -1 108 109 -1 109 301 -1 108 301 -1 260 297 -1 297 301 -1 62 302 -1 62 293 -1 293 302 -1 253 303 -1 253 289 -1 289 303 -1 231 241 -1 241 304 -1 232 305 -1 241 305 -1 232 279 -1 279 305 -1 69 70 -1 70 306 -1 69 306 -1 70 75 -1 75 306 -1 242 288 -1 288 306 -1 283 306 -1 228 230 -1 230 307 -1 228 307 -1 235 307 -1 289 307 -1 230 242 -1 242 308 -1 230 308 -1 225 286 -1 286 309 -1 280 309 -1 280 303 -1 303 309 -1 160 172 -1 172 310 -1 221 246 -1 246 311 -1 221 311 -1 285 311 -1 233 239 -1 239 312 -1 233 312 -1 231 234 -1 234 312 -1 242 306 -1 306 313 -1 242 313 -1 107 297 -1 297 314 -1 260 314 -1 289 298 -1 298 315 -1 289 315 -1 260 316 -1 239 266 -1 266 316 -1 268 317 -1 213 225 -1 225 318 -1 225 309 -1 309 318 -1 303 318 -1 213 318 -1 303 315 -1 315 318 -1 233 234 -1 234 319 -1 233 319 -1 118 160 -1 160 320 -1 160 310 -1 310 320 -1 118 320 -1 187 320 -1 192 320 -1 246 321 -1 104 106 -1 106 322 -1 104 322 -1 106 294 -1 294 322 -1 252 322 -1 106 323 -1 109 323 -1 260 301 -1 301 323 -1 76 84 -1 84 325 -1 298 307 -1 307 326 -1 307 308 -1 308 326 -1 308 313 -1 313 326 -1 298 327 -1 298 326 -1 326 327 -1 274 275 -1 275 328 -1 275 317 -1 317 328 -1 274 328 -1 293 328 -1 260 329 -1 260 323 -1 323 329 -1 11 17 -1 17 330 -1 262 330 -1 14 330 -1 14 299 -1 299 330 -1 72 332 -1 84 332 -1 72 302 -1 302 332 -1 302 328 -1 328 332 -1 91 95 -1 95 333 -1 91 333 -1 292 333 -1 231 334 -1 234 334 -1 231 304 -1 304 334 -1 255 335 -1 246 250 -1 250 336 -1 246 336 -1 198 337 -1 198 281 -1 281 337 -1 232 241 -1 241 338 -1 316 329 -1 329 339 -1 227 232 -1 232 340 -1 227 340 -1 262 341 -1 262 335 -1 335 341 -1 134 342 -1 231 343 -1 241 343 -1 231 312 -1 312 343 -1 325 332 -1 332 344 -1 239 346 -1 239 316 -1 316 346 -1 316 339 -1 339 346 -1 76 347 -1 76 325 -1 325 347 -1 81 347 -1 184 296 -1 296 348 -1 186 349 -1 194 349 -1 224 350 -1 224 273 -1 273 350 -1 110 291 -1 291 350 -1 264 350 -1 247 351 -1 255 351 -1 335 351 -1 268 353 -1 317 353 -1 317 354 -1 328 354 -1 332 354 -1 317 345 -1 345 354 -1 232 338 -1 338 355 -1 232 355 -1 196 200 -1 200 356 -1 196 356 -1 200 349 -1 349 356 -1 239 357 -1 239 319 -1 319 357 -1 261 357 -1 324 331 -1 331 358 -1 176 359 -1 180 359 -1 250 359 -1 75 78 -1 78 360 -1 75 360 -1 268 292 -1 292 361 -1 268 361 -1 292 324 -1 324 361 -1 324 358 -1 358 361 -1 345 353 -1 353 361 -1 273 362 -1 341 351 -1 351 363 -1 345 364 -1 345 361 -1 361 364 -1 197 365 -1 197 290 -1 290 365 -1 306 360 -1 360 366 -1 358 367 -1 361 367 -1 247 340 -1 340 368 -1 247 368 -1 351 369 -1 113 119 -1 119 370 -1 312 371 -1 312 346 -1 346 371 -1 23 112 -1 112 372 -1 104 373 -1 106 373 -1 323 373 -1 120 126 -1 126 374 -1 346 375 -1 343 371 -1 371 375 -1 119 120 -1 120 376 -1 134 138 -1 138 378 -1 138 206 -1 206 378 -1 117 379 -1 125 379 -1 377 379 -1 379 380 -1 112 113 -1 113 382 -1 113 370 -1 370 382 -1 119 382 -1 119 376 -1 376 382 -1 381 383 -1 383 384 -1 116 385 -1 117 385 -1 379 385 -1 380 385 -1 385 386 -1 381 386 -1 30 34 -1 34 387 -1 30 387 -1 83 388 -1 83 181 -1 181 388 -1 116 124 -1 124 389 -1 130 133 -1 133 390 -1 120 374 -1 374 391 -1 120 391 -1 126 391 -1 306 392 -1 306 366 -1 366 392 -1 385 393 -1 377 380 -1 380 394 -1 380 386 -1 386 394 -1 381 394 -1 125 395 -1 125 377 -1 377 395 -1 132 395 -1 377 394 -1 394 395 -1 23 396 -1 23 372 -1 372 396 -1 25 396 -1 112 396 -1 112 382 -1 382 396 -1 394 397 -1 341 363 -1 363 398 -1 363 369 -1 369 398 -1 88 399 -1 88 388 -1 388 399 -1 33 401 -1 34 36 -1 36 401 -1 34 401 -1 27 401 -1 89 399 -1 399 402 -1 388 402 -1 376 403 -1 27 396 -1 396 403 -1 27 403 -1 382 403 -1 381 384 -1 384 404 -1 381 404 -1 134 405 -1 134 378 -1 378 405 -1 135 342 -1 342 405 -1 133 135 -1 135 405 -1 133 405 -1 72 84 -1 84 406 -1 45 407 -1 41 407 -1 72 406 -1 406 409 -1 139 395 -1 395 410 -1 395 397 -1 397 410 -1 406 411 -1 206 412 -1 394 414 -1 397 414 -1 62 72 -1 72 416 -1 62 416 -1 72 409 -1 409 416 -1 409 411 -1 411 416 -1 408 416 -1 90 93 -1 93 417 -1 76 81 -1 81 418 -1 81 86 -1 86 419 -1 81 419 -1 126 128 -1 128 420 -1 128 130 -1 130 420 -1 130 390 -1 390 420 -1 89 421 -1 89 402 -1 402 421 -1 4 60 -1 60 422 -1 4 422 -1 124 422 -1 60 63 -1 63 422 -1 408 423 -1 404 415 -1 415 423 -1 415 416 -1 416 423 -1 92 424 -1 92 421 -1 421 424 -1 84 426 -1 90 427 -1 90 417 -1 417 427 -1 76 418 -1 418 428 -1 406 429 -1 406 426 -1 426 429 -1 116 430 -1 116 389 -1 389 430 -1 63 64 -1 64 430 -1 64 393 -1 393 430 -1 385 430 -1 389 422 -1 422 430 -1 63 430 -1 387 401 -1 401 431 -1 401 403 -1 403 431 -1 93 424 -1 424 432 -1 76 433 -1 84 433 -1 76 428 -1 428 433 -1 426 433 -1 295 311 -1 311 434 -1 137 139 -1 139 435 -1 137 435 -1 139 410 -1 410 435 -1 410 414 -1 414 435 -1 429 433 -1 433 437 -1 433 438 -1 421 439 -1 424 439 -1 432 439 -1 418 419 -1 419 441 -1 418 441 -1 428 441 -1 433 441 -1 77 90 -1 90 442 -1 90 413 -1 413 442 -1 338 343 -1 343 443 -1 343 375 -1 375 443 -1 338 443 -1 181 183 -1 183 444 -1 181 444 -1 182 444 -1 388 444 -1 402 444 -1 421 444 -1 437 438 -1 438 445 -1 438 441 -1 441 445 -1 182 446 -1 182 447 -1 403 448 -1 47 407 -1 407 449 -1 74 77 -1 77 450 -1 38 451 -1 41 451 -1 407 451 -1 387 431 -1 431 452 -1 431 448 -1 448 452 -1 38 387 -1 387 452 -1 38 452 -1 122 137 -1 137 453 -1 137 425 -1 425 453 -1 77 442 -1 442 454 -1 77 454 -1 179 455 -1 182 455 -1 446 447 -1 447 455 -1 52 55 -1 55 457 -1 74 450 -1 450 458 -1 450 454 -1 454 458 -1 47 459 -1 47 449 -1 449 459 -1 93 460 -1 93 432 -1 432 460 -1 417 460 -1 432 436 -1 436 460 -1 394 404 -1 404 461 -1 394 461 -1 404 423 -1 423 461 -1 414 461 -1 446 455 -1 455 462 -1 179 462 -1 376 463 -1 403 463 -1 448 463 -1 451 452 -1 452 463 -1 58 62 -1 62 464 -1 62 415 -1 415 464 -1 384 464 -1 404 464 -1 425 435 -1 435 465 -1 435 461 -1 461 465 -1 51 466 -1 51 459 -1 459 466 -1 55 466 -1 413 427 -1 427 467 -1 413 467 -1 86 468 -1 74 468 -1 74 458 -1 458 468 -1 419 468 -1 441 468 -1 427 460 -1 460 469 -1 427 469 -1 259 276 -1 276 470 -1 122 453 -1 453 471 -1 425 471 -1 425 465 -1 465 471 -1 408 472 -1 408 411 -1 411 472 -1 411 429 -1 429 472 -1 429 437 -1 437 472 -1 437 445 -1 445 472 -1 439 444 -1 444 473 -1 444 446 -1 446 473 -1 446 462 -1 462 473 -1 184 474 -1 184 348 -1 348 474 -1 186 474 -1 48 53 -1 53 475 -1 423 476 -1 461 476 -1 423 472 -1 472 477 -1 423 477 -1 465 477 -1 465 476 -1 476 477 -1 436 439 -1 439 478 -1 436 478 -1 467 469 -1 469 478 -1 460 478 -1 439 473 -1 473 478 -1 465 479 -1 442 467 -1 467 480 -1 467 478 -1 478 480 -1 199 481 -1 199 337 -1 337 481 -1 206 481 -1 58 464 -1 464 482 -1 384 482 -1 179 483 -1 462 483 -1 67 71 -1 71 484 -1 383 386 -1 386 484 -1 451 463 -1 463 485 -1 49 487 -1 175 488 -1 179 488 -1 465 472 -1 472 489 -1 445 489 -1 445 486 -1 486 489 -1 465 489 -1 442 490 -1 442 480 -1 480 490 -1 478 490 -1 473 491 -1 473 483 -1 483 491 -1 483 488 -1 488 491 -1 449 451 -1 451 492 -1 71 73 -1 73 493 -1 71 493 -1 2 493 -1 383 484 -1 484 493 -1 49 52 -1 52 495 -1 52 457 -1 457 495 -1 440 495 -1 49 495 -1 445 496 -1 449 497 -1 449 492 -1 492 497 -1 454 498 -1 454 490 -1 490 498 -1 490 494 -1 494 498 -1 53 500 -1 53 487 -1 487 500 -1 487 499 -1 499 500 -1 351 368 -1 368 501 -1 351 501 -1 445 468 -1 468 502 -1 445 502 -1 126 503 -1 376 391 -1 391 503 -1 376 503 -1 463 503 -1 121 122 -1 122 504 -1 122 471 -1 471 504 -1 488 505 -1 458 506 -1 458 498 -1 498 506 -1 494 506 -1 468 506 -1 486 496 -1 496 507 -1 486 507 -1 496 502 -1 502 507 -1 340 355 -1 355 508 -1 355 443 -1 443 508 -1 173 509 -1 175 509 -1 488 509 -1 126 420 -1 420 510 -1 126 510 -1 364 367 -1 367 511 -1 459 497 -1 497 512 -1 171 513 -1 173 513 -1 390 405 -1 405 514 -1 478 491 -1 491 515 -1 491 505 -1 505 515 -1 121 516 -1 121 504 -1 504 516 -1 471 479 -1 479 517 -1 471 517 -1 479 489 -1 489 517 -1 489 507 -1 507 517 -1 504 517 -1 485 503 -1 503 518 -1 503 510 -1 510 518 -1 390 519 -1 390 514 -1 514 519 -1 420 519 -1 331 521 -1 358 521 -1 367 521 -1 331 400 -1 400 521 -1 478 522 -1 490 522 -1 478 515 -1 515 522 -1 2 58 -1 58 523 -1 58 482 -1 482 523 -1 383 523 -1 383 493 -1 493 523 -1 384 523 -1 2 523 -1 440 457 -1 457 525 -1 457 466 -1 466 525 -1 459 525 -1 459 512 -1 512 525 -1 515 526 -1 440 527 -1 440 525 -1 525 527 -1 451 485 -1 485 528 -1 451 528 -1 492 528 -1 485 518 -1 518 528 -1 510 528 -1 510 519 -1 519 528 -1 375 530 -1 443 530 -1 123 533 -1 123 516 -1 516 533 -1 516 517 -1 517 533 -1 507 533 -1 313 392 -1 392 534 -1 325 344 -1 344 535 -1 378 536 -1 378 412 -1 412 536 -1 412 481 -1 481 536 -1 170 537 -1 171 537 -1 505 509 -1 509 537 -1 505 537 -1 509 513 -1 513 537 -1 494 522 -1 522 538 -1 522 526 -1 526 538 -1 494 538 -1 526 531 -1 531 538 -1 507 540 -1 514 542 -1 519 542 -1 405 542 -1 405 536 -1 536 542 -1 506 538 -1 538 543 -1 531 543 -1 260 261 -1 261 544 -1 261 352 -1 352 544 -1 260 544 -1 507 546 -1 502 506 -1 506 548 -1 506 543 -1 543 548 -1 502 548 -1 507 548 -1 515 550 -1 515 537 -1 537 550 -1 526 550 -1 115 140 -1 140 551 -1 115 551 -1 170 552 -1 537 552 -1 531 550 -1 550 552 -1 127 533 -1 533 553 -1 533 540 -1 540 553 -1 127 553 -1 136 553 -1 540 546 -1 546 553 -1 344 354 -1 354 556 -1 344 556 -1 170 174 -1 174 557 -1 170 557 -1 174 551 -1 551 557 -1 140 557 -1 101 558 -1 104 558 -1 329 373 -1 373 558 -1 136 560 -1 136 545 -1 545 560 -1 545 553 -1 553 560 -1 487 495 -1 495 561 -1 487 561 -1 495 527 -1 527 561 -1 527 549 -1 549 561 -1 499 561 -1 531 552 -1 552 562 -1 552 557 -1 557 562 -1 546 548 -1 548 562 -1 531 562 -1 543 562 -1 296 318 -1 318 563 -1 315 563 -1 296 563 -1 348 563 -1 337 564 -1 520 532 -1 532 565 -1 546 566 -1 553 566 -1 140 566 -1 140 560 -1 560 566 -1 546 562 -1 562 566 -1 557 566 -1 400 567 -1 341 398 -1 398 568 -1 4 569 -1 4 524 -1 524 569 -1 60 569 -1 524 570 -1 64 66 -1 66 571 -1 64 571 -1 66 67 -1 67 571 -1 67 484 -1 484 571 -1 386 393 -1 393 571 -1 386 571 -1 536 572 -1 497 528 -1 528 573 -1 528 542 -1 542 573 -1 542 572 -1 572 573 -1 497 573 -1 554 555 -1 555 574 -1 499 529 -1 529 575 -1 499 575 -1 500 575 -1 525 576 -1 512 576 -1 512 573 -1 573 576 -1 554 577 -1 48 578 -1 48 475 -1 475 578 -1 4 50 -1 50 578 -1 4 578 -1 524 578 -1 475 500 -1 500 578 -1 500 565 -1 565 578 -1 532 578 -1 520 565 -1 565 580 -1 565 575 -1 575 580 -1 575 579 -1 579 580 -1 481 581 -1 536 581 -1 572 581 -1 481 564 -1 564 581 -1 564 576 -1 576 581 -1 573 581 -1 555 583 -1 529 561 -1 561 583 -1 561 574 -1 574 583 -1 529 583 -1 555 577 -1 577 583 -1 575 583 -1 549 585 -1 561 585 -1 527 585 -1 527 576 -1 576 585 -1 574 585 -1 585 586 -1 564 586 -1 576 586 -1 145 150 -1 150 587 -1 339 588 -1 346 588 -1 329 588 -1 329 558 -1 558 588 -1 74 86 -1 86 589 -1 86 347 -1 347 589 -1 325 589 -1 325 535 -1 535 589 -1 337 590 -1 564 590 -1 511 521 -1 521 591 -1 349 592 -1 273 287 -1 287 593 -1 273 593 -1 287 295 -1 295 593 -1 295 434 -1 434 593 -1 375 594 -1 530 594 -1 582 584 -1 584 594 -1 375 588 -1 588 594 -1 354 364 -1 364 595 -1 577 596 -1 40 597 -1 42 598 -1 42 597 -1 597 598 -1 319 334 -1 334 598 -1 319 598 -1 357 598 -1 311 321 -1 321 599 -1 311 599 -1 304 600 -1 3 46 -1 46 600 -1 44 600 -1 574 586 -1 586 602 -1 586 590 -1 590 602 -1 43 603 -1 43 598 -1 598 603 -1 334 603 -1 334 600 -1 600 603 -1 44 603 -1 259 605 -1 259 470 -1 470 605 -1 554 606 -1 554 574 -1 574 606 -1 574 602 -1 602 606 -1 470 606 -1 602 605 -1 605 606 -1 281 607 -1 337 607 -1 590 607 -1 281 605 -1 605 607 -1 602 607 -1 508 530 -1 530 608 -1 354 610 -1 354 595 -1 595 610 -1 226 365 -1 365 611 -1 400 611 -1 524 532 -1 532 612 -1 524 612 -1 520 612 -1 520 580 -1 580 612 -1 3 613 -1 3 600 -1 600 613 -1 10 613 -1 304 305 -1 305 613 -1 304 613 -1 577 614 -1 217 614 -1 276 614 -1 596 614 -1 577 606 -1 606 614 -1 470 614 -1 39 615 -1 40 615 -1 37 615 -1 357 597 -1 597 615 -1 315 327 -1 327 616 -1 315 616 -1 145 617 -1 42 43 -1 43 617 -1 290 356 -1 356 618 -1 290 618 -1 43 44 -1 44 620 -1 43 620 -1 44 169 -1 169 620 -1 169 617 -1 617 620 -1 39 40 -1 40 621 -1 336 359 -1 359 622 -1 176 622 -1 321 336 -1 336 622 -1 321 622 -1 91 624 -1 95 624 -1 204 624 -1 579 625 -1 580 625 -1 156 158 -1 158 626 -1 340 627 -1 368 627 -1 340 508 -1 508 627 -1 508 608 -1 608 627 -1 369 501 -1 501 627 -1 131 141 -1 141 628 -1 78 80 -1 80 629 -1 78 629 -1 360 629 -1 582 594 -1 594 630 -1 170 631 -1 64 632 -1 63 632 -1 63 569 -1 569 632 -1 569 570 -1 570 632 -1 145 587 -1 587 634 -1 145 634 -1 604 617 -1 617 634 -1 587 619 -1 619 634 -1 604 634 -1 150 156 -1 156 635 -1 114 131 -1 131 636 -1 131 628 -1 628 636 -1 628 630 -1 630 636 -1 434 599 -1 599 637 -1 599 622 -1 622 637 -1 150 635 -1 635 638 -1 541 547 -1 547 641 -1 547 610 -1 610 641 -1 595 641 -1 541 641 -1 166 643 -1 166 640 -1 640 643 -1 165 214 -1 214 643 -1 640 642 -1 642 643 -1 640 644 -1 637 642 -1 642 644 -1 160 165 -1 165 645 -1 165 643 -1 643 645 -1 642 647 -1 643 647 -1 622 648 -1 172 648 -1 176 648 -1 637 649 -1 637 648 -1 648 649 -1 172 647 -1 647 649 -1 172 649 -1 642 649 -1 160 650 -1 160 645 -1 645 650 -1 645 647 -1 647 650 -1 172 650 -1 129 651 -1 110 651 -1 110 350 -1 350 651 -1 166 167 -1 167 653 -1 166 653 -1 161 653 -1 640 653 -1 204 654 -1 601 614 -1 614 654 -1 217 654 -1 156 626 -1 626 655 -1 156 655 -1 158 655 -1 35 658 -1 37 658 -1 152 662 -1 153 662 -1 623 656 -1 656 663 -1 539 559 -1 559 663 -1 539 663 -1 175 179 -1 179 664 -1 175 664 -1 434 665 -1 434 637 -1 637 665 -1 143 666 -1 144 666 -1 143 174 -1 174 666 -1 174 631 -1 631 666 -1 74 668 -1 74 589 -1 589 668 -1 77 668 -1 535 668 -1 535 639 -1 639 668 -1 623 668 -1 18 670 -1 12 670 -1 12 613 -1 613 670 -1 279 670 -1 305 670 -1 98 673 -1 98 633 -1 633 673 -1 101 673 -1 558 673 -1 539 676 -1 171 173 -1 173 677 -1 173 175 -1 175 677 -1 175 652 -1 652 677 -1 579 583 -1 583 678 -1 583 596 -1 596 678 -1 596 601 -1 601 678 -1 579 678 -1 601 654 -1 654 678 -1 103 107 -1 107 679 -1 107 314 -1 314 679 -1 99 103 -1 103 679 -1 314 544 -1 544 679 -1 644 653 -1 653 680 -1 593 665 -1 665 680 -1 637 644 -1 644 680 -1 637 680 -1 535 556 -1 556 682 -1 661 662 -1 662 683 -1 170 171 -1 171 684 -1 170 684 -1 28 685 -1 352 357 -1 357 685 -1 357 615 -1 615 685 -1 29 685 -1 31 685 -1 352 685 -1 32 685 -1 35 685 -1 615 658 -1 658 685 -1 635 655 -1 655 686 -1 635 686 -1 362 593 -1 593 687 -1 142 651 -1 651 687 -1 350 362 -1 362 687 -1 350 687 -1 144 688 -1 669 686 -1 686 689 -1 153 693 -1 153 661 -1 661 693 -1 667 683 -1 683 694 -1 662 681 -1 681 694 -1 662 694 -1 530 695 -1 161 696 -1 653 696 -1 159 696 -1 593 680 -1 680 697 -1 593 697 -1 680 696 -1 696 700 -1 680 700 -1 687 697 -1 697 700 -1 159 700 -1 142 702 -1 142 687 -1 687 702 -1 687 700 -1 700 702 -1 159 702 -1 144 631 -1 631 703 -1 144 703 -1 631 684 -1 684 703 -1 646 660 -1 660 704 -1 530 584 -1 584 705 -1 582 705 -1 582 630 -1 630 705 -1 628 705 -1 179 706 -1 652 664 -1 664 706 -1 652 706 -1 16 707 -1 22 707 -1 16 21 -1 21 707 -1 262 707 -1 21 670 -1 670 707 -1 279 707 -1 646 709 -1 667 694 -1 694 709 -1 672 709 -1 646 704 -1 704 709 -1 675 709 -1 677 699 -1 699 711 -1 688 711 -1 171 677 -1 677 711 -1 171 711 -1 684 711 -1 688 703 -1 703 711 -1 646 712 -1 646 672 -1 672 712 -1 672 694 -1 694 712 -1 681 712 -1 364 511 -1 511 713 -1 364 713 -1 511 591 -1 591 713 -1 595 713 -1 609 641 -1 641 713 -1 162 300 -1 300 714 -1 282 714 -1 40 42 -1 42 715 -1 42 617 -1 617 715 -1 604 715 -1 604 621 -1 621 715 -1 40 715 -1 105 114 -1 114 717 -1 114 636 -1 636 717 -1 698 708 -1 708 718 -1 662 719 -1 681 719 -1 154 720 -1 661 683 -1 683 720 -1 667 720 -1 154 155 -1 155 720 -1 155 693 -1 693 720 -1 661 720 -1 674 675 -1 675 721 -1 158 722 -1 655 722 -1 686 722 -1 667 701 -1 701 722 -1 667 722 -1 158 720 -1 720 722 -1 146 723 -1 146 688 -1 688 723 -1 688 699 -1 699 723 -1 660 724 -1 366 725 -1 366 629 -1 629 725 -1 559 676 -1 676 726 -1 698 718 -1 718 728 -1 147 728 -1 149 728 -1 147 723 -1 723 728 -1 699 728 -1 677 729 -1 677 706 -1 706 729 -1 558 730 -1 558 633 -1 633 730 -1 168 731 -1 168 205 -1 205 731 -1 205 263 -1 263 731 -1 188 731 -1 712 719 -1 719 733 -1 151 735 -1 152 735 -1 662 735 -1 148 735 -1 719 735 -1 98 105 -1 105 736 -1 98 736 -1 105 717 -1 717 736 -1 636 736 -1 633 736 -1 671 710 -1 710 737 -1 710 727 -1 727 737 -1 698 737 -1 698 728 -1 728 737 -1 699 737 -1 699 729 -1 729 737 -1 671 737 -1 179 182 -1 182 739 -1 179 739 -1 671 729 -1 729 739 -1 706 739 -1 148 149 -1 149 740 -1 149 718 -1 718 740 -1 708 740 -1 148 740 -1 708 733 -1 733 740 -1 733 735 -1 735 740 -1 669 689 -1 689 741 -1 689 690 -1 690 741 -1 698 742 -1 708 742 -1 698 727 -1 727 742 -1 712 733 -1 733 742 -1 567 611 -1 611 743 -1 660 712 -1 712 744 -1 660 744 -1 365 745 -1 365 618 -1 618 745 -1 611 745 -1 313 746 -1 326 746 -1 150 747 -1 587 747 -1 150 638 -1 638 747 -1 619 747 -1 568 748 -1 710 749 -1 671 749 -1 671 739 -1 739 749 -1 369 750 -1 369 627 -1 627 750 -1 608 750 -1 608 695 -1 695 750 -1 612 625 -1 625 751 -1 547 656 -1 656 752 -1 623 639 -1 639 752 -1 623 752 -1 535 752 -1 535 682 -1 682 752 -1 675 704 -1 704 753 -1 657 721 -1 721 753 -1 675 753 -1 704 724 -1 724 753 -1 657 753 -1 724 744 -1 744 753 -1 609 713 -1 713 754 -1 591 754 -1 591 716 -1 716 754 -1 327 755 -1 327 746 -1 746 755 -1 727 756 -1 667 757 -1 686 757 -1 686 701 -1 701 757 -1 675 689 -1 689 757 -1 675 757 -1 667 709 -1 709 757 -1 625 758 -1 695 732 -1 732 759 -1 635 760 -1 635 669 -1 669 760 -1 638 760 -1 182 183 -1 183 762 -1 182 762 -1 313 534 -1 534 764 -1 313 764 -1 727 749 -1 749 765 -1 727 765 -1 674 766 -1 675 766 -1 657 767 -1 657 734 -1 734 767 -1 166 769 -1 282 769 -1 77 770 -1 77 623 -1 623 770 -1 594 771 -1 630 771 -1 636 771 -1 730 736 -1 736 771 -1 588 772 -1 594 772 -1 588 730 -1 730 772 -1 730 771 -1 771 772 -1 763 773 -1 690 775 -1 689 775 -1 689 766 -1 766 775 -1 563 616 -1 616 776 -1 712 742 -1 742 777 -1 742 756 -1 756 777 -1 712 777 -1 756 765 -1 765 777 -1 349 474 -1 474 778 -1 349 778 -1 692 748 -1 748 779 -1 568 779 -1 521 567 -1 567 780 -1 521 780 -1 591 780 -1 567 743 -1 743 780 -1 676 781 -1 743 745 -1 745 782 -1 743 782 -1 37 39 -1 39 783 -1 604 619 -1 619 783 -1 619 691 -1 691 783 -1 530 784 -1 530 705 -1 705 784 -1 695 784 -1 39 621 -1 621 786 -1 39 786 -1 604 786 -1 604 783 -1 783 786 -1 181 787 -1 183 787 -1 70 788 -1 69 788 -1 392 789 -1 392 725 -1 725 789 -1 676 789 -1 204 456 -1 456 790 -1 204 790 -1 625 678 -1 678 790 -1 654 790 -1 721 767 -1 767 791 -1 734 791 -1 659 791 -1 659 768 -1 768 791 -1 768 773 -1 773 791 -1 691 747 -1 747 792 -1 66 793 -1 66 632 -1 632 793 -1 623 663 -1 663 794 -1 623 794 -1 90 770 -1 770 794 -1 669 741 -1 741 795 -1 747 760 -1 760 795 -1 747 795 -1 669 795 -1 761 792 -1 792 795 -1 738 796 -1 738 791 -1 791 796 -1 674 721 -1 721 797 -1 674 797 -1 721 791 -1 791 797 -1 157 162 -1 162 798 -1 118 157 -1 157 798 -1 118 798 -1 162 714 -1 714 798 -1 761 795 -1 795 799 -1 119 802 -1 68 803 -1 556 610 -1 610 804 -1 547 804 -1 556 804 -1 547 752 -1 752 804 -1 682 804 -1 739 805 -1 749 805 -1 739 762 -1 762 805 -1 181 805 -1 762 787 -1 787 805 -1 141 163 -1 163 807 -1 163 189 -1 189 807 -1 141 807 -1 628 807 -1 101 104 -1 104 808 -1 104 252 -1 252 808 -1 252 253 -1 253 808 -1 101 808 -1 676 725 -1 725 809 -1 676 809 -1 781 809 -1 800 810 -1 659 738 -1 738 811 -1 763 768 -1 768 811 -1 659 811 -1 738 788 -1 788 811 -1 69 811 -1 130 812 -1 130 800 -1 800 812 -1 800 801 -1 801 812 -1 616 813 -1 90 814 -1 90 794 -1 794 814 -1 663 814 -1 68 79 -1 79 815 -1 79 80 -1 80 815 -1 80 806 -1 806 815 -1 766 816 -1 766 797 -1 797 817 -1 766 817 -1 89 92 -1 92 818 -1 181 819 -1 785 805 -1 805 819 -1 806 819 -1 68 821 -1 68 815 -1 815 821 -1 177 821 -1 815 819 -1 819 821 -1 181 821 -1 773 822 -1 791 822 -1 773 817 -1 817 822 -1 797 822 -1 65 823 -1 69 823 -1 763 811 -1 811 823 -1 398 825 -1 398 750 -1 750 825 -1 568 825 -1 165 826 -1 118 826 -1 118 714 -1 714 826 -1 166 826 -1 714 769 -1 769 826 -1 83 88 -1 88 827 -1 726 781 -1 781 827 -1 691 792 -1 792 828 -1 134 135 -1 135 829 -1 133 829 -1 133 812 -1 812 829 -1 801 829 -1 734 753 -1 753 830 -1 744 830 -1 744 777 -1 777 830 -1 734 830 -1 791 830 -1 92 93 -1 93 831 -1 93 814 -1 814 831 -1 559 831 -1 559 818 -1 818 831 -1 663 831 -1 92 831 -1 749 785 -1 785 832 -1 785 819 -1 819 832 -1 806 832 -1 474 563 -1 563 833 -1 474 833 -1 563 776 -1 776 833 -1 539 833 -1 676 833 -1 776 813 -1 813 833 -1 82 83 -1 83 834 -1 68 82 -1 82 834 -1 68 834 -1 781 803 -1 803 834 -1 83 827 -1 827 834 -1 781 834 -1 190 191 -1 191 835 -1 741 775 -1 775 836 -1 741 836 -1 775 816 -1 816 836 -1 795 836 -1 541 609 -1 609 837 -1 609 774 -1 774 837 -1 592 837 -1 592 778 -1 778 837 -1 539 656 -1 656 837 -1 539 837 -1 547 837 -1 541 837 -1 778 833 -1 833 837 -1 749 838 -1 749 832 -1 832 838 -1 820 839 -1 779 825 -1 825 839 -1 824 839 -1 732 840 -1 801 810 -1 810 840 -1 765 841 -1 765 838 -1 838 841 -1 777 841 -1 800 842 -1 830 841 -1 841 843 -1 95 102 -1 102 845 -1 95 845 -1 324 333 -1 333 845 -1 779 839 -1 839 846 -1 820 846 -1 820 842 -1 842 846 -1 732 847 -1 732 810 -1 810 847 -1 800 847 -1 75 788 -1 788 848 -1 788 796 -1 796 848 -1 796 830 -1 830 848 -1 830 843 -1 843 848 -1 732 784 -1 784 849 -1 356 850 -1 618 850 -1 356 592 -1 592 850 -1 745 850 -1 732 851 -1 732 849 -1 849 851 -1 800 820 -1 820 852 -1 800 852 -1 820 824 -1 824 852 -1 824 825 -1 825 852 -1 168 190 -1 190 853 -1 190 835 -1 835 853 -1 705 807 -1 807 853 -1 705 853 -1 746 854 -1 746 764 -1 764 854 -1 534 854 -1 534 789 -1 789 854 -1 763 823 -1 823 855 -1 65 855 -1 88 89 -1 89 856 -1 89 818 -1 818 856 -1 559 726 -1 726 856 -1 559 856 -1 726 827 -1 827 856 -1 88 856 -1 26 857 -1 28 857 -1 544 857 -1 544 685 -1 685 857 -1 99 679 -1 679 857 -1 134 858 -1 134 829 -1 829 858 -1 801 858 -1 801 840 -1 840 858 -1 78 859 -1 80 859 -1 806 859 -1 609 754 -1 754 860 -1 609 860 -1 716 860 -1 716 780 -1 780 860 -1 612 751 -1 751 861 -1 751 844 -1 844 861 -1 695 862 -1 695 759 -1 759 862 -1 759 847 -1 847 862 -1 750 862 -1 825 862 -1 847 852 -1 852 862 -1 120 863 -1 126 863 -1 120 802 -1 802 863 -1 779 863 -1 779 846 -1 846 863 -1 128 864 -1 130 864 -1 800 864 -1 126 864 -1 126 846 -1 846 864 -1 842 864 -1 191 192 -1 192 865 -1 191 865 -1 705 835 -1 835 865 -1 168 853 -1 853 866 -1 807 866 -1 705 867 -1 705 865 -1 865 867 -1 592 774 -1 774 868 -1 592 868 -1 692 779 -1 779 869 -1 779 802 -1 802 869 -1 832 870 -1 832 859 -1 859 870 -1 838 870 -1 78 870 -1 168 871 -1 168 866 -1 866 871 -1 189 871 -1 807 871 -1 79 872 -1 80 872 -1 79 803 -1 803 872 -1 629 872 -1 725 872 -1 803 809 -1 809 872 -1 178 873 -1 840 851 -1 851 873 -1 840 873 -1 35 37 -1 37 874 -1 37 783 -1 783 874 -1 691 874 -1 691 828 -1 828 874 -1 763 875 -1 773 875 -1 1 876 -1 26 876 -1 1 99 -1 99 876 -1 99 857 -1 857 876 -1 172 877 -1 192 310 -1 310 877 -1 192 877 -1 865 877 -1 784 877 -1 784 867 -1 867 877 -1 61 878 -1 75 879 -1 78 879 -1 75 848 -1 848 879 -1 841 879 -1 841 870 -1 870 879 -1 843 879 -1 774 860 -1 860 880 -1 780 880 -1 774 880 -1 780 782 -1 782 880 -1 782 850 -1 850 880 -1 850 868 -1 868 880 -1 61 881 -1 61 763 -1 763 881 -1 763 855 -1 855 881 -1 65 881 -1 138 882 -1 138 858 -1 858 882 -1 164 882 -1 178 882 -1 858 873 -1 873 882 -1 676 813 -1 813 883 -1 616 883 -1 616 755 -1 755 883 -1 755 854 -1 854 883 -1 676 883 -1 789 883 -1 849 884 -1 172 176 -1 176 885 -1 172 885 -1 176 267 -1 267 885 -1 849 877 -1 877 885 -1 849 885 -1 799 836 -1 836 886 -1 816 887 -1 180 888 -1 180 284 -1 284 888 -1 284 873 -1 873 888 -1 851 888 -1 267 888 -1 851 884 -1 884 888 -1 884 885 -1 885 888 -1 59 889 -1 61 889 -1 763 889 -1 763 878 -1 878 889 -1 802 890 -1 113 890 -1 119 890 -1 761 891 -1 761 799 -1 799 891 -1 799 886 -1 886 891 -1 100 110 -1 110 892 -1 100 892 -1 331 892 -1 110 226 -1 226 892 -1 226 611 -1 611 892 -1 400 892 -1 31 32 -1 32 893 -1 32 35 -1 35 893 -1 35 874 -1 874 893 -1 828 893 -1 85 894 -1 91 894 -1 456 624 -1 624 894 -1 456 894 -1 625 894 -1 625 790 -1 790 894 -1 816 817 -1 817 895 -1 71 896 -1 67 896 -1 67 793 -1 793 896 -1 570 612 -1 612 896 -1 612 861 -1 861 896 -1 570 896 -1 632 896 -1 28 29 -1 29 897 -1 792 897 -1 792 891 -1 891 897 -1 29 31 -1 31 897 -1 31 893 -1 893 897 -1 828 897 -1 875 889 -1 889 898 -1 59 898 -1 817 875 -1 875 898 -1 817 898 -1 94 899 -1 94 844 -1 844 899 -1 87 96 -1 96 899 -1 900 904 -1 56 905 -1 57 905 -1 816 905 -1 816 895 -1 895 905 -1 153 155 -1 155 908 -1 568 692 -1 692 909 -1 692 869 -1 869 909 -1 154 158 -1 158 911 -1 154 915 -1 155 915 -1 154 911 -1 911 915 -1 54 916 -1 836 887 -1 887 916 -1 57 918 -1 57 895 -1 895 918 -1 895 898 -1 898 918 -1 59 918 -1 28 897 -1 897 920 -1 891 920 -1 887 905 -1 905 921 -1 56 921 -1 56 916 -1 916 921 -1 887 921 -1 900 923 -1 901 924 -1 901 919 -1 919 924 -1 903 925 -1 85 87 -1 87 928 -1 85 928 -1 751 758 -1 758 928 -1 758 894 -1 894 928 -1 87 899 -1 899 928 -1 751 928 -1 844 928 -1 907 925 -1 925 929 -1 1 26 -1 26 930 -1 891 930 -1 904 923 -1 923 931 -1 151 152 -1 152 932 -1 148 151 -1 151 932 -1 901 933 -1 902 934 -1 902 904 -1 904 934 -1 904 931 -1 931 934 -1 903 934 -1 900 940 -1 910 929 -1 929 941 -1 925 941 -1 919 943 -1 924 943 -1 924 935 -1 935 945 -1 113 950 -1 911 951 -1 931 951 -1 156 951 -1 156 947 -1 947 951 -1 158 951 -1 922 953 -1 938 952 -1 952 954 -1 942 954 -1 936 937 -1 937 955 -1 913 956 -1 939 946 -1 946 957 -1 912 957 -1 917 957 -1 152 153 -1 153 958 -1 152 958 -1 153 908 -1 908 958 -1 908 915 -1 915 958 -1 148 932 -1 932 958 -1 910 959 -1 913 959 -1 1 930 -1 930 961 -1 886 961 -1 891 961 -1 148 963 -1 147 149 -1 149 963 -1 948 963 -1 148 958 -1 958 963 -1 958 962 -1 962 963 -1 917 943 -1 943 964 -1 917 964 -1 939 957 -1 957 964 -1 922 946 -1 946 966 -1 922 966 -1 927 953 -1 953 967 -1 900 902 -1 902 968 -1 900 968 -1 925 934 -1 934 969 -1 925 969 -1 942 970 -1 942 960 -1 960 970 -1 903 907 -1 907 971 -1 907 929 -1 929 971 -1 136 140 -1 140 973 -1 330 341 -1 341 974 -1 341 568 -1 568 974 -1 568 909 -1 909 974 -1 150 975 -1 156 975 -1 934 951 -1 951 975 -1 934 975 -1 947 975 -1 958 976 -1 942 952 -1 952 978 -1 906 978 -1 923 979 -1 915 951 -1 951 979 -1 931 979 -1 923 976 -1 976 979 -1 915 979 -1 958 979 -1 960 965 -1 965 980 -1 927 980 -1 927 967 -1 967 980 -1 836 981 -1 836 916 -1 916 981 -1 1 981 -1 54 981 -1 886 981 -1 922 927 -1 927 982 -1 927 965 -1 965 982 -1 938 984 -1 123 127 -1 127 986 -1 123 986 -1 127 985 -1 985 986 -1 983 986 -1 121 987 -1 121 936 -1 936 987 -1 122 987 -1 919 988 -1 943 988 -1 935 943 -1 943 990 -1 917 990 -1 952 984 -1 984 992 -1 926 992 -1 955 991 -1 991 992 -1 902 903 -1 903 994 -1 903 971 -1 971 994 -1 923 940 -1 940 995 -1 923 995 -1 948 962 -1 962 995 -1 962 976 -1 976 995 -1 940 989 -1 989 995 -1 910 913 -1 913 996 -1 910 996 -1 913 945 -1 945 996 -1 935 996 -1 929 996 -1 935 990 -1 990 996 -1 990 994 -1 994 996 -1 971 996 -1 902 997 -1 902 994 -1 994 997 -1 990 997 -1 910 941 -1 941 998 -1 910 998 -1 956 959 -1 959 998 -1 960 999 -1 972 1000 -1 977 1000 -1 137 1001 -1 127 136 -1 136 1002 -1 127 1002 -1 906 952 -1 952 1003 -1 952 992 -1 992 1003 -1 991 1003 -1 948 995 -1 995 1004 -1 989 1004 -1 121 1005 -1 936 1005 -1 937 1005 -1 955 1005 -1 917 949 -1 949 1006 -1 917 1006 -1 968 997 -1 997 1006 -1 990 1006 -1 146 147 -1 147 1007 -1 147 963 -1 963 1007 -1 948 1007 -1 948 1004 -1 1004 1007 -1 143 144 -1 144 1008 -1 144 146 -1 146 1008 -1 146 1007 -1 1007 1008 -1 965 1009 -1 926 984 -1 984 1010 -1 914 924 -1 924 1011 -1 924 945 -1 945 1011 -1 121 123 -1 123 1012 -1 123 983 -1 983 1012 -1 983 1005 -1 1005 1012 -1 121 1012 -1 939 1013 -1 946 1013 -1 939 964 -1 964 1013 -1 964 988 -1 988 1013 -1 906 1014 -1 906 1003 -1 1003 1014 -1 991 1014 -1 944 972 -1 972 1015 -1 972 977 -1 977 1015 -1 944 1015 -1 989 1015 -1 1004 1015 -1 942 1016 -1 960 1016 -1 965 1016 -1 942 978 -1 978 1016 -1 978 1014 -1 1014 1016 -1 1009 1016 -1 940 968 -1 968 1017 -1 968 1006 -1 1006 1017 -1 967 1018 -1 960 980 -1 980 1018 -1 912 946 -1 946 1019 -1 922 1019 -1 922 982 -1 982 1019 -1 982 1009 -1 1009 1019 -1 985 1020 -1 985 1002 -1 1002 1020 -1 122 1021 -1 122 936 -1 936 1021 -1 137 1021 -1 936 955 -1 955 1021 -1 955 992 -1 992 1021 -1 115 1022 -1 140 1022 -1 115 143 -1 143 1022 -1 143 1008 -1 1008 1022 -1 973 1022 -1 940 1023 -1 940 1017 -1 1017 1023 -1 944 989 -1 989 1024 -1 989 1023 -1 1023 1024 -1 139 1001 -1 1001 1025 -1 1001 1021 -1 1021 1025 -1 945 956 -1 956 1026 -1 945 1026 -1 136 973 -1 973 1027 -1 136 1027 -1 973 1008 -1 1008 1027 -1 1007 1027 -1 1007 1015 -1 1015 1027 -1 1002 1027 -1 926 1028 -1 926 1010 -1 1010 1028 -1 132 1028 -1 992 1028 -1 1021 1028 -1 967 1029 -1 944 1030 -1 972 1030 -1 1009 1014 -1 1014 1030 -1 1000 1030 -1 944 1024 -1 1024 1030 -1 983 985 -1 985 1031 -1 985 993 -1 993 1031 -1 983 1031 -1 993 1000 -1 1000 1031 -1 1000 1014 -1 1014 1031 -1 991 1005 -1 1005 1031 -1 991 1031 -1 949 957 -1 957 1032 -1 912 1032 -1 912 1019 -1 1019 1032 -1 949 1032 -1 1006 1032 -1 1017 1032 -1 1009 1032 -1 1009 1030 -1 1030 1032 -1 1023 1032 -1 1024 1032 -1 977 993 -1 993 1033 -1 977 1033 -1 993 1020 -1 1020 1033 -1 1020 1027 -1 1027 1033 -1 1015 1033 -1 132 139 -1 139 1034 -1 139 1025 -1 1025 1034 -1 1025 1028 -1 1028 1034 -1 132 1034 -1 941 969 -1 969 1036 -1 969 975 -1 975 1036 -1 941 1036 -1 0 1038 -1 869 890 -1 890 1038 -1 890 950 -1 950 1038 -1 869 1038 -1 111 1038 -1 112 1038 -1 113 1038 -1 2 1039 -1 94 97 -1 97 1039 -1 94 1039 -1 844 1039 -1 901 914 -1 914 1040 -1 901 1040 -1 960 1041 -1 999 1041 -1 960 1018 -1 1018 1041 -1 1018 1029 -1 1029 1041 -1 145 1042 -1 145 1036 -1 1036 1042 -1 150 1042 -1 975 1042 -1 953 966 -1 966 1043 -1 953 1043 -1 967 1043 -1 919 933 -1 933 1044 -1 919 1044 -1 933 1040 -1 1040 1044 -1 938 954 -1 954 1045 -1 954 970 -1 970 1045 -1 970 999 -1 999 1045 -1 999 1035 -1 1035 1045 -1 9 11 -1 11 1046 -1 11 330 -1 330 1046 -1 7 8 -1 8 1046 -1 8 9 -1 9 1046 -1 330 974 -1 974 1046 -1 938 1047 -1 938 1045 -1 1045 1047 -1 1029 1048 -1 1035 1041 -1 1041 1048 -1 1045 1049 -1 1029 1043 -1 1043 1050 -1 1029 1050 -1 998 1036 -1 1036 1052 -1 956 998 -1 998 1052 -1 956 1052 -1 966 1053 -1 1043 1053 -1 1011 1026 -1 1026 1054 -1 914 1011 -1 1011 1054 -1 914 1054 -1 6 7 -1 7 1055 -1 7 1046 -1 1046 1055 -1 974 1055 -1 988 1056 -1 988 1044 -1 1044 1056 -1 125 132 -1 132 1057 -1 132 1010 -1 1010 1057 -1 1010 1051 -1 1051 1057 -1 966 1013 -1 1013 1058 -1 966 1058 -1 984 1059 -1 984 1047 -1 1047 1059 -1 1010 1059 -1 117 125 -1 125 1060 -1 125 1057 -1 1057 1060 -1 117 1060 -1 0 1061 -1 909 1061 -1 909 1038 -1 1038 1061 -1 1013 1056 -1 1056 1062 -1 1013 1062 -1 2 1064 -1 956 1065 -1 956 1037 -1 1037 1065 -1 1026 1065 -1 15 1066 -1 13 1066 -1 49 1067 -1 1035 1067 -1 49 1049 -1 1049 1067 -1 1045 1067 -1 1044 1068 -1 41 45 -1 45 1069 -1 38 41 -1 41 1069 -1 1050 1053 -1 1053 1069 -1 52 1070 -1 52 1067 -1 1067 1070 -1 1035 1070 -1 116 117 -1 117 1071 -1 117 1057 -1 1057 1071 -1 48 50 -1 50 1071 -1 48 1071 -1 1051 1071 -1 1051 1059 -1 1059 1071 -1 12 18 -1 18 1072 -1 1037 1052 -1 1052 1072 -1 1037 1072 -1 30 38 -1 38 1073 -1 38 1069 -1 1069 1073 -1 1053 1073 -1 3 1074 -1 145 1074 -1 1036 1074 -1 145 169 -1 169 1074 -1 1052 1074 -1 47 51 -1 51 1075 -1 51 55 -1 55 1075 -1 1035 1048 -1 1048 1075 -1 55 1070 -1 1070 1075 -1 1035 1075 -1 1040 1054 -1 1054 1076 -1 1040 1076 -1 1054 1066 -1 1066 1076 -1 73 896 -1 896 1077 -1 861 1077 -1 2 73 -1 73 1077 -1 2 1077 -1 861 1039 -1 1039 1077 -1 1039 1064 -1 1064 1077 -1 14 17 -1 17 1078 -1 13 14 -1 14 1078 -1 13 1078 -1 1066 1078 -1 45 47 -1 47 1079 -1 45 1079 -1 1048 1050 -1 1050 1079 -1 1050 1069 -1 1069 1079 -1 1048 1079 -1 47 1075 -1 1075 1079 -1 8 1080 -1 9 1080 -1 1040 1080 -1 1040 1063 -1 1063 1080 -1 7 1080 -1 1063 1076 -1 1076 1080 -1 100 1081 -1 100 331 -1 331 1081 -1 102 1081 -1 324 1081 -1 324 845 -1 845 1081 -1 6 1082 -1 7 1082 -1 1044 1082 -1 1044 1080 -1 1080 1082 -1 1056 1083 -1 1058 1062 -1 1062 1083 -1 1056 1068 -1 1068 1084 -1 1056 1084 -1 0 1085 -1 5 1085 -1 6 1085 -1 0 20 -1 20 1085 -1 20 23 -1 23 1085 -1 1068 1082 -1 1082 1085 -1 1068 1085 -1 16 1086 -1 16 22 -1 22 1086 -1 1054 1065 -1 1065 1086 -1 18 21 -1 21 1086 -1 18 1086 -1 1065 1072 -1 1072 1086 -1 49 53 -1 53 1087 -1 49 1087 -1 48 1087 -1 1047 1049 -1 1049 1087 -1 48 1059 -1 1059 1087 -1 1047 1087 -1 26 28 -1 28 1088 -1 28 920 -1 920 1088 -1 920 930 -1 930 1088 -1 26 1088 -1 30 1089 -1 30 1073 -1 1073 1089 -1 1053 1058 -1 1058 1089 -1 1053 1089 -1 22 24 -1 24 1090 -1 19 1090 -1 19 1066 -1 1066 1090 -1 22 1090 -1 1054 1090 -1 1054 1086 -1 1086 1090 -1 1 961 -1 961 1091 -1 961 981 -1 981 1091 -1 1 1091 -1 4 1092 -1 50 1092 -1 4 124 -1 124 1092 -1 116 1092 -1 116 1071 -1 1071 1092 -1 5 6 -1 6 1093 -1 6 1055 -1 1055 1093 -1 974 1093 -1 0 5 -1 5 1093 -1 0 1093 -1 974 1061 -1 1061 1093 -1 3 10 -1 10 1094 -1 3 1094 -1 10 12 -1 12 1094 -1 12 1072 -1 1072 1094 -1 1072 1074 -1 1074 1094 -1 1076 1078 -1 1078 1095 -1 17 1095 -1 11 1095 -1 11 1080 -1 1080 1095 -1 1076 1095 -1 33 36 -1 36 1096 -1 34 1096 -1 34 1089 -1 1089 1096 -1 1058 1083 -1 1083 1096 -1 1058 1096 -1 25 27 -1 27 1097 -1 27 33 -1 33 1097 -1 33 1096 -1 1096 1098 -1 33 1098 -1 1083 1098 -1 1083 1097 -1 1097 1098 -1 1083 1084 -1 1084 1099 -1 1084 1085 -1 1085 1099 -1 23 1099 -1 23 25 -1 25 1099 -1 25 1097 -1 1097 1099 -1 1083 1099 -1'>
					<Coordinate point='92.180100 94.778590 4.967140 -116.843000 100.959400 36.590160 80.300270 -130.413400 -16.167620 -26.130880 118.650600 46.849750 108.340200 -81.226840 12.360440 80.545210 96.462360 8.541970 79.061080 96.647810 9.004700 70.402070 97.586070 11.736340 68.440180 97.762950 12.363020 66.411030 97.931330 13.014290 -20.890470 116.863700 44.677770 64.317690 98.089150 13.689520 -10.271430 113.415900 40.383690 43.130230 100.275900 20.726290 50.587800 99.221480 18.206000 40.580850 100.697000 21.599240 11.316020 107.169500 32.070440 52.997440 98.945190 17.402000 0.487895 110.168800 36.173090 32.776560 102.149300 24.308980 92.326480 79.541630 5.031100 8.607184 107.893300 33.084520 22.120190 104.473800 28.104050 92.372720 75.455140 5.051310 30.133860 102.691600 25.239680 92.557560 63.729700 5.132190 -102.385000 102.967400 37.754660 92.635330 59.976900 5.166240 -88.237050 105.190000 39.043590 -86.425810 105.494200 39.220030 93.289530 38.612910 5.453360 -78.798770 106.827000 39.992970 -76.805600 107.189500 40.203160 92.817100 52.640600 5.245910 93.157310 42.049300 5.395240 -72.730950 107.949200 40.643730 92.921230 49.061410 5.291580 -70.653430 108.346400 40.874090 93.744180 28.564530 5.653590 -59.934290 110.505900 42.126440 -57.736600 110.972200 42.396840 93.915450 25.295230 5.729160 -48.822470 112.949300 43.543460 -46.569380 113.471500 43.846300 -37.503850 115.668200 45.120180 94.288470 18.861690 5.894020 -35.229270 116.244000 45.454120 94.490180 15.697940 5.983320 102.836700 -54.525470 9.770570 98.751780 -28.239130 7.895000 105.718100 -69.352180 11.117820 95.652970 0.360901 6.500230 97.389620 -17.102130 7.278840 100.676400 -41.643940 8.773580 -112.607400 73.453290 36.854040 96.474950 -8.491193 6.867780 -109.078000 58.102370 37.081070 -108.377600 55.457920 37.126910 65.218720 -122.712200 -11.639130 -104.399000 42.073870 37.392310 104.996500 -86.347620 9.390420 -99.652820 28.617670 37.720290 44.730230 -111.713800 -5.152050 97.945520 -97.493910 2.925620 97.211010 -98.689760 2.232030 -95.337590 17.914200 38.029510 95.076180 -102.212700 0.188730 94.389190 -103.362900 -0.478370 -66.697910 -36.010280 40.368530 -91.821950 9.957470 38.289400 -90.600190 7.321694 38.381420 90.552580 -109.966100 -4.308200 29.756570 -103.225200 -0.127630 89.964730 -111.009600 -4.913420 -13.145070 -76.319990 15.915670 -86.792520 -0.534787 38.673920 8.065510 -90.143290 7.649040 -16.086430 -74.314440 17.119590 -78.601690 -15.985990 39.333320 -69.762890 -31.067980 40.092990 -71.274870 -28.580630 39.959390 4.981555 -88.200270 8.807820 -61.840830 -40.012930 37.914370 -59.372780 -42.019550 36.686380 17.371240 -95.877270 4.235150 46.265390 -75.138330 -37.288840 -1.139629 -84.277970 11.150100 47.445890 -77.055540 -36.556250 -51.807230 -48.056600 33.001030 -49.229970 -50.074120 31.772420 -27.588430 -66.250920 21.972500 34.470180 -56.942540 -43.939669 -41.329270 -56.136620 28.089270 -38.639270 -58.159120 26.863380 55.521580 -90.171060 -31.544670 32.519360 -54.602890 -44.573164 54.386620 -88.327800 -32.249000 65.493260 -106.365800 -25.356490 -37.915730 26.900520 -32.709350 -87.310580 75.441590 10.660170 19.568820 -41.357830 -47.150183 -39.891290 29.412040 -30.974770 22.536410 -44.215180 -46.710957 -74.130390 64.053110 -0.912260 -45.684990 36.480660 -25.887810 -33.100960 21.624560 -36.253240 -47.575080 38.683390 -24.228270 -63.850610 55.170760 -9.938080 -58.554750 50.333620 -14.587940 -56.762850 48.575500 -16.161260 14.278070 -35.319770 -47.920678 72.678520 68.888850 -10.046640 63.735590 57.017050 -16.931580 62.432710 55.287510 -17.934630 -29.793860 18.864510 -38.060540 -2.387816 -19.404030 50.000000 65.226340 -58.737320 25.896170 62.861630 -57.451660 26.674890 0.000000 0.000000 -50.000000 51.746280 41.101620 -26.161850 50.373190 39.278920 -27.218950 21.676510 -34.052890 40.951920 24.350690 -35.633810 39.980740 13.641380 -29.247390 43.910210 80.539790 -66.925290 20.949650 53.059510 -52.058790 29.947600 43.355590 29.963510 -32.621630 10.962180 -27.626270 44.910320 41.919080 28.056660 -33.727560 11.987840 -32.130650 -48.254205 40.470530 26.133830 -34.842760 -25.866320 16.008830 -39.901400 50.537730 -50.654400 30.801550 36.041920 20.255230 -38.252230 31.471140 14.187950 -41.771164 34.535020 18.254960 -39.412360 5.610017 -24.359080 46.929290 32.335300 -40.300880 37.119450 29.745510 12.185950 -42.932303 34.979640 -41.829250 36.184280 0.272871 -21.062270 48.971180 -21.318190 13.053450 -41.778742 9.932888 -28.835560 -48.553468 -3.205888 -16.899800 49.883010 -5.583463 -9.327662 49.546540 -21.544540 64.932950 47.419840 -6.349906 -6.783535 49.439190 -7.102936 -4.229635 49.334240 -8.568208 0.907783 49.131520 -7.842458 -1.665734 49.231680 -18.197330 43.267930 47.847230 -9.279822 3.490103 49.033770 -9.977744 6.083333 48.938340 -10.661080 8.684620 48.845340 -11.984960 13.916550 48.666350 -11.330250 11.295920 48.754670 -15.036350 27.148210 48.259760 -2.119038 1.297333 -49.182938 -12.624940 16.545730 48.580390 6.471601 -21.864100 -49.057537 1.403430 0.466328 -49.729536 5.059920 -18.196360 -49.263121 -6.505898 3.983089 -47.491445 -16.674850 10.208800 -43.570484 27.498760 10.354760 -43.994367 0.643014 -2.415772 -49.906357 1.974190 -7.416937 -49.712498 2.817511 -10.585250 -49.589684 -9.285039 5.684555 -46.419859 -23.669180 83.499670 47.153530 -9.540534 -21.679140 48.680460 -16.542470 -23.792220 47.454890 8.389211 2.787544 -48.383259 -18.261870 -24.294360 47.163660 -5.979549 -20.561480 49.328690 -19.968010 -24.786220 46.878380 11.043680 3.669564 -47.871699 -52.800610 -33.094180 42.059850 21.437400 7.203545 -45.822034 -26.628050 -26.646390 45.799500 17.670280 5.871431 -46.594643 -47.018180 -31.781560 42.821150 -32.977190 -28.333520 44.820980 -34.507890 -28.728040 44.592160 -14.629360 -8.501928 -40.886678 -16.111740 -4.931944 -41.075859 -12.908600 -11.992440 -40.672451 -0.715608 1.763660 -48.912474 -17.378790 -1.262446 -41.241179 -15.271420 10.675130 -43.300020 -7.881610 6.150883 -46.149395 -5.102468 4.449416 -47.220981 -2.859373 3.076132 -48.085877 -27.487990 11.314900 -37.849990 -10.944390 -15.385280 -40.434501 -31.004970 9.801111 -34.147160 -4.681557 -21.426620 -41.825954 -0.679029 -23.998210 -43.370094 29.404420 -4.026836 -43.434605 28.924560 -0.230487 -43.584052 -8.724775 -18.682440 -40.173441 30.239660 -20.141820 -43.511150 2.940883 -16.873630 -48.446059 -31.521840 16.650590 -36.131110 31.589620 -31.191140 -43.374994 -16.031830 7.793025 -43.476841 30.535130 4.769010 -42.644800 -6.741959 -18.179460 -42.123952 30.545840 -11.509410 -43.051905 5.481939 -27.954040 -45.745650 29.947820 -7.841648 -43.257488 28.514920 2.937825 -43.706865 1.724676 -13.076090 -48.623176 -28.494790 -2.398962 -30.173540 2.696961 -4.393407 -49.541158 28.173830 5.495027 -43.805989 30.480260 -28.116320 -43.742711 33.299140 -24.965660 -41.915344 -66.248370 26.733530 -0.404220 3.833248 -22.707460 -47.177309 -71.561620 47.196760 -0.752340 27.817350 -9.502564 -44.220803 -1.188989 -19.516870 -45.240827 -57.915810 36.808810 -12.876410 27.354580 -26.259290 -44.848848 -31.819380 4.440695 -30.429710 4.993027 -29.335620 -44.340537 -1.438066 58.306700 -11.041920 -53.770810 21.308350 -12.603810 26.224550 -14.660610 -44.879571 -54.842100 20.427530 -11.006860 -15.420580 56.439110 -11.600830 -4.121003 57.452610 -11.537240 -20.863850 55.071170 -12.394150 -18.145580 55.739480 -12.006570 -47.255750 18.462200 -18.967210 28.691370 -29.448420 -44.515321 -82.843310 55.173430 9.416250 28.294650 -33.701310 -44.830879 -23.569200 54.434380 -12.763440 -8.578797 -14.820750 -42.391452 -9.549945 55.830580 -12.477910 -60.625220 11.692710 -0.009180 26.650830 -38.570330 -45.533443 43.568730 -84.049060 -27.944170 -4.570815 -17.367980 -43.936856 23.693360 -3.381704 -45.411718 4.365873 57.978200 -11.726770 -33.464950 12.412390 -32.420930 -2.813439 -16.009830 -45.477396 22.509630 2.343810 -45.633656 -10.203250 -11.347720 -42.628021 -46.734280 26.899240 -22.416150 -40.511310 15.515920 -25.553210 -83.944260 34.398390 16.911580 6.971878 58.924880 -11.177750 24.760740 -19.543580 -45.415611 -0.034297 -17.762510 -46.548982 -76.745360 40.198540 6.735470 32.626270 -13.233430 -41.755765 -36.520790 51.748150 -14.321300 -34.327760 54.245470 -12.319300 14.264360 72.454010 -0.561020 -20.003880 8.185403 -41.595185 24.613130 -35.607080 -45.936220 -37.026730 13.978490 -28.948820 -34.047420 52.217450 -14.049130 15.551240 7.168764 -45.777581 25.752850 -65.631780 -29.826020 -43.915080 17.001740 -22.229180 -11.614930 -7.779370 -42.833605 -45.032000 16.081880 -20.552040 2.208798 -19.176870 -47.413879 22.033950 -20.721660 -46.098887 34.899000 -85.492670 -19.972040 27.633260 -67.943690 -29.338080 33.799480 -19.989880 -41.212622 -77.825160 39.349370 8.207000 -0.419090 -11.754850 -47.796579 -1.694386 70.483870 -0.401640 -38.185500 13.034170 -27.200860 34.846440 -5.853082 -39.771280 -2.662185 -10.371870 -46.931683 -73.543600 13.128280 14.622330 19.178100 8.500878 -45.004971 25.294340 -10.992850 -45.085155 -35.489600 6.178424 -27.008940 23.539410 -15.992710 -45.652181 -72.643990 13.840650 13.164470 -43.571340 8.657936 -18.708120 -3.863149 -25.038170 -39.581550 22.798120 -36.351300 -46.367861 22.355920 -54.616710 -36.644050 33.580940 -85.956340 -18.504550 -56.598730 37.652320 -14.466240 22.401960 -12.324960 -45.857765 -25.851920 -9.691054 -28.082670 -51.275500 51.344880 -14.001460 -44.594290 7.849995 -17.053220 29.301600 75.161090 -0.189860 -8.823153 -6.570557 -44.556126 -49.070080 49.650430 -15.537850 24.495440 -83.156800 -13.383390 -37.607280 4.537239 -23.552850 -12.452200 69.086200 -0.560590 -9.857393 69.833890 -0.126990 -63.828270 -2.431052 12.297780 -47.974620 9.442949 -13.880960 -52.274370 10.204060 -9.164310 -36.558780 5.351331 -25.272320 4.030405 3.340652 -47.997838 21.359840 -8.510161 -46.034881 -16.697020 46.827170 -19.096230 -52.769180 -2.388406 -1.020060 -57.627010 56.023440 -9.443580 -40.101210 -1.674587 -16.711620 -27.728760 44.361990 -20.525920 10.438930 -58.003120 -23.446220 -29.562190 -3.134959 -28.393900 -25.806680 67.449530 -0.862270 2.189791 2.729058 -48.352555 20.431870 -4.713818 -46.184328 -47.442020 30.059170 -22.461520 -41.627840 41.914040 -21.945630 16.784920 -50.154940 -35.968480 -0.500067 -60.842960 -10.616270 -49.957300 7.873692 -10.659840 -41.091070 -2.368871 -15.064560 12.907580 -69.229120 -15.615010 -30.054530 41.446120 -22.626000 29.851190 73.363560 -1.785940 6.424298 -40.008890 -35.942960 11.527990 -69.579180 -14.051790 20.366480 -52.170360 -37.160800 -20.626750 68.731700 -0.118710 10.095310 57.741480 -12.329370 19.633400 -1.545506 -46.307141 36.221440 -3.946684 -38.665590 -7.803839 46.683530 -19.588530 -27.436220 41.951250 -22.333050 1.094992 46.853810 -19.871790 23.540040 58.722950 -12.606320 34.883440 13.333570 -39.259740 -10.639740 45.886340 -20.050870 -1.226235 -57.987500 -12.486540 8.348577 -55.482190 -23.806640 -19.171110 43.728830 -21.302130 -0.210684 -72.630940 -0.260510 -23.885720 -12.895930 -27.907510 -18.614090 -18.627420 -29.289060 18.322100 -26.048050 -46.936728 10.658330 55.516700 -14.056770 -43.529150 65.456620 -1.374330 9.799638 -55.113480 -25.458350 -0.064981 -51.432160 -19.529440 -1.687592 45.934160 -20.405150 -7.729106 -22.368970 -37.977400 -33.759810 67.448900 -0.218950 7.819800 -46.201470 -31.655760 18.963810 1.011696 -46.406266 -69.599980 -13.696830 26.943130 8.488613 -49.214510 -29.560170 19.139730 -21.745430 -46.692667 15.563800 47.054960 -20.439390 -0.822092 -48.449860 -21.485460 -1.433366 -28.092660 -39.253240 -56.983420 -12.902750 11.306100 6.309228 -46.583400 -29.930900 3.839141 47.808070 -19.318370 12.995780 45.930090 -21.091760 63.959660 45.893270 -16.833610 -16.335970 44.407380 -20.908600 72.851010 57.726140 -9.971260 -39.222490 39.874980 -23.537200 50.537920 34.218560 -27.146940 -15.603180 39.328390 -24.591470 53.335980 35.169650 -25.013130 48.815750 -59.953850 25.293540 36.733300 9.486033 -37.948610 51.379170 -61.385240 24.427760 49.866090 -62.219780 23.943730 47.382970 -72.239960 18.032880 65.324850 43.611660 -15.805610 48.602780 -74.495440 16.694110 40.386350 -75.980630 15.863310 57.046530 -69.520300 19.579660 52.803990 -72.069140 18.101350 74.771360 32.280410 -8.713460 -42.869360 -38.369500 38.803370 67.416000 -68.482460 20.124010 42.433210 17.152490 -33.502210 51.984240 33.368420 -26.057780 -53.369110 -10.589180 5.330230 58.114750 -71.749370 18.257410 42.697070 -63.154240 23.437340 42.571310 -54.744800 28.429150 74.232030 51.311990 -8.950050 37.804300 -57.061320 27.085580 18.679740 45.699390 -21.528670 -40.247160 -40.292790 37.625160 4.126645 -37.229660 -36.325690 74.517970 39.664200 -8.824740 -39.061410 -40.005990 37.791500 66.692200 41.261790 -14.778680 37.639230 -74.411610 16.805170 36.528720 12.710590 -38.038800 25.873770 -85.994230 10.024870 69.174130 13.454680 -13.262940 29.343400 -75.404320 16.262460 29.881440 -87.226110 9.280980 36.722080 -54.771460 28.454400 28.002740 -76.009730 15.911320 36.979620 5.619882 -37.839640 -21.214790 -59.105810 26.212730 35.119520 -55.516600 28.022220 37.253980 -86.670710 9.574910 34.408940 -85.036610 10.550880 -27.726410 -58.139130 26.823510 11.060410 -77.044520 15.381050 2.963384 -77.014600 15.435250 43.836700 19.034270 -32.410830 -31.232570 -43.201100 35.817180 69.685900 -69.703020 19.389090 30.701800 -74.782500 16.623110 -29.801220 -45.433510 34.463940 28.226760 -44.776970 34.474620 19.934600 -76.514880 15.652660 -22.987460 -56.884400 27.551240 12.189190 -76.620530 15.626970 21.200220 -75.991670 15.956120 59.508400 -70.869710 18.767610 68.302400 31.348930 -13.647320 -27.219230 -44.756130 34.856810 14.542100 -75.720690 16.148870 17.968500 -9.688245 -46.718157 30.914280 -46.346140 33.517140 -25.879040 -44.398630 35.064160 12.304670 -59.399370 25.855630 10.801610 -59.955840 25.532880 -27.227640 -42.152980 36.425080 68.764130 -12.570570 -14.277150 9.316870 -60.498010 25.218430 -14.006650 -59.790610 25.766820 -7.350075 44.204450 -21.408310 -32.224160 -33.191220 41.870900 10.997920 -57.096560 27.235940 -29.218960 -32.403440 42.327810 -30.336360 -30.164000 43.692270 67.046160 29.666050 -14.623350 67.950440 11.796970 -14.224380 -7.481248 -60.574660 25.264700 67.736760 15.248670 -14.318930 67.194460 25.967280 -14.558130 27.229360 -42.487180 35.851420 -11.593320 -59.077310 26.180530 -28.777710 -29.750330 43.932190 40.092030 -39.354270 -37.736900 69.919720 -10.963600 -13.345130 -6.190440 -60.172020 25.498220 68.693020 1.753887 -13.894490 -21.770870 -45.901610 34.135390 24.417600 -57.416600 26.962280 -27.678550 -31.992310 42.566260 64.519620 26.278670 -16.587930 43.594880 -86.342570 9.738240 19.859860 -48.206560 32.485490 68.974190 -1.491773 -13.769060 -17.608990 -47.369940 33.228140 2.120660 -60.231460 25.417720 -19.015820 -47.770280 32.995950 35.032750 -18.186670 -40.166775 20.462210 -45.246810 34.250850 19.721630 -59.336380 25.848820 -23.860120 -36.070360 40.074130 -21.858430 -16.053840 -27.719190 88.047530 -46.816760 -1.133330 22.841510 -58.070070 26.583270 21.275680 -58.710110 26.212050 -17.474630 -44.689600 34.838340 18.783040 -45.907780 33.867490 -16.174240 -46.956630 33.467860 37.267920 1.720463 -37.711570 44.806480 -85.660570 10.133790 -23.436970 -33.387410 41.692950 61.121600 -84.475080 10.747340 55.164340 21.749680 -23.762150 9.371413 -46.730300 33.440550 68.111390 -27.715900 -15.391340 -21.848360 -32.944690 41.949720 15.446370 -47.193720 33.121660 -10.448250 -47.918390 32.855780 -20.742800 -35.201430 40.578100 55.748500 10.542190 -23.504360 56.199310 -84.806840 10.578450 -8.938226 -47.456420 33.123720 69.125260 -15.635870 -14.114120 6.100424 -47.892190 32.766660 55.987950 6.960900 -23.398240 -4.617496 -48.780480 32.302930 56.409680 -22.690660 -24.073730 68.567740 -30.599390 -15.181670 7.110642 46.319120 -20.537130 4.484723 -48.454200 32.440700 53.685920 23.879770 -24.859630 16.442930 -36.082690 39.774650 -19.151610 -34.749440 40.840250 -3.065613 -48.281590 32.592290 8.260393 -44.432770 34.824570 -1.174997 43.402680 -22.228540 -17.300440 -26.545360 45.791040 51.012370 20.294880 -26.938760 -0.998912 -41.957410 -27.170980 56.249900 3.452693 -23.281860 -15.592920 -26.043920 46.081870 44.009690 15.111460 -32.334700 -14.827470 -36.077360 40.008770 13.741350 -34.454230 40.774780 14.706260 -36.737800 39.394690 53.844710 19.977820 -24.789780 45.395330 16.973610 -31.254700 66.976700 -43.541160 -17.118020 -0.380350 -38.414890 -30.969220 -12.101190 -37.864120 38.912580 49.930400 -85.720320 10.073310 77.947970 -58.440630 -9.621670 56.841860 -3.364319 -23.017720 -10.469950 -37.369030 39.199740 55.948070 -8.381387 -23.853620 54.230680 12.430590 -24.619520 54.789080 -21.274660 -25.242940 -4.991122 30.606770 -30.813590 -7.158696 -36.343690 39.794420 68.540660 -44.756220 -15.988950 8.526036 -36.350060 39.675210 -48.086160 -11.061560 -0.639070 -11.056540 -51.428080 -8.556250 38.399890 7.544921 -36.723140 -11.191860 -27.267340 45.306700 -6.084777 -38.622970 38.413990 -32.158730 -32.318570 -2.461110 6.801075 -36.959930 39.321490 -15.230770 -36.092900 -17.859220 44.213210 11.145970 -32.244930 -4.422699 -38.093690 38.720970 -48.399940 66.315450 -0.236280 4.721656 -27.240830 45.195180 3.377855 -38.145420 38.633920 -16.422330 -36.518170 -16.210000 1.680576 -38.721120 38.300010 54.725380 -10.081200 -24.839500 -8.500279 -28.997960 44.238790 -3.313798 -22.240720 48.287690 -6.767784 -28.454970 44.553720 5.641756 -29.511600 43.816850 44.060000 -17.367860 -33.236110 45.770020 -18.855450 -32.002440 -9.410416 -47.692550 -13.592010 -5.024425 -27.901210 44.874890 -31.516280 33.373770 -28.373970 -33.183710 -32.781860 -0.912250 1.182146 -28.443920 44.497400 55.520840 -16.496340 -24.479430 -2.327284 -29.604900 43.824040 -31.159230 -12.768180 -19.468130 37.597770 -2.047976 -37.564360 67.986980 -42.042900 -16.249040 -0.576817 -29.029740 44.157630 -1.200817 -35.197070 -33.072830 24.108100 45.637030 -21.842790 77.641420 -62.344070 -10.139090 74.600780 -60.103310 -12.341560 67.126280 -83.059850 11.545760 44.447430 7.302321 -32.141320 46.058170 5.377357 -30.961710 45.288470 -15.620640 -32.222740 55.265170 -24.329860 -25.024450 46.650640 -1.860592 -30.697790 44.569240 -20.579050 -33.002110 77.748750 -51.887930 -9.340590 53.044170 -35.063250 -27.322740 54.700750 -36.347630 -26.126790 44.714330 3.547728 -32.022870 -11.088970 28.936510 -31.782290 51.986330 -21.513980 -27.389630 -8.031519 29.742560 -31.314800 47.366000 -8.779895 -30.376620 45.705570 -7.145003 -31.579490 -25.510030 61.021640 46.763950 -21.022190 35.356790 -27.223880 -11.103660 -60.831860 -0.071070 37.971190 -5.717908 -37.396830 -3.209451 -39.203820 -27.479980 -14.288940 -24.753300 -28.838010 16.103600 -14.526810 -47.134820 -14.866120 33.927910 -28.355690 -7.706527 -43.881960 -18.749790 43.951790 -25.416600 -33.733910 -39.575740 87.111340 18.639910 -34.481530 86.582200 17.728500 16.942300 -5.891904 -46.867603 -21.970780 88.000250 17.943260 42.810670 -27.099920 -34.710230 37.069820 -11.126620 -38.282400 -29.627460 87.757530 18.410090 -37.873860 68.919250 44.934100 35.762230 -12.977430 -39.355850 37.557720 -14.553950 -38.059820 36.623900 -7.593098 -38.484420 2.734419 39.083900 -25.365390 -14.020280 -35.669090 -19.522500 -8.979437 -44.268710 -17.104240 -0.566949 -31.483730 -37.041660 67.790620 -52.974580 -17.120240 -16.712290 87.697590 17.157650 35.644080 -21.459960 -39.882050 -44.318140 86.066730 18.034110 -37.023390 -12.134620 -13.012970 -31.963430 75.896670 45.833540 -5.339383 -25.476230 -37.685020 -35.852280 55.473130 45.163570 -32.261560 78.515800 45.798550 -40.407520 71.034810 44.581500 16.098980 -2.723592 -46.990416 -20.780190 -48.195450 -1.244660 39.177980 -40.845760 -38.601960 52.632120 -39.460350 -27.932160 -16.482900 23.885080 47.987940 7.691815 43.771090 -22.343890 -18.772390 17.674350 -38.935420 -63.575620 -24.107120 27.455900 -14.129270 28.194050 -32.212900 -9.476342 -16.114190 48.766040 78.036380 -68.625010 -10.312930 -28.757480 31.088090 -30.002710 -28.061090 63.131240 46.374900 -19.698010 28.624400 47.492330 -22.557360 23.378450 -35.236010 13.861190 -6.915685 -47.461383 -23.979660 38.780540 46.874560 -19.662240 -47.799740 -2.786800 6.283019 -5.985211 -48.882115 -9.813239 -41.178910 -19.016570 8.123633 -5.373617 -48.527398 5.602360 -3.428009 -48.981239 8.966953 -8.541929 -48.404585 4.951843 -0.984047 -49.075975 -27.642300 9.422072 46.059620 7.442974 -2.816415 -48.626522 12.337210 -1.190171 -47.683321 9.682743 -2.072191 -48.194882 6.792456 -0.372453 -48.721258 16.082330 -26.792270 -47.368369 -21.899020 -19.790510 46.633810 7.126339 -9.153523 -48.759301 41.688380 -28.773110 -35.680670 -20.525560 22.713460 47.308420 -26.522510 -40.357400 -1.879660 -41.623370 8.661628 44.007730 -58.718650 88.158110 21.045380 -60.007260 12.998260 41.673740 -28.783720 6.294683 45.854020 -17.212230 9.536493 47.734230 -18.439610 6.362698 47.498660 -27.588400 -40.783920 -0.337240 -23.621560 -20.273610 46.353620 14.887390 -10.712020 -47.311937 -7.661558 -15.547990 49.094430 -25.193460 15.740850 46.499720 -13.042510 -58.345910 -0.317040 -31.103870 31.166210 45.715460 -4.139839 89.702900 17.707490 -26.461220 -12.706490 46.003940 -25.712690 9.947635 46.364440 -31.113440 30.693510 -30.231550 -40.268060 17.482300 44.274420 -37.596380 15.311300 44.634260 -43.081980 -19.541620 -0.206820 -20.160640 -19.296520 46.920320 44.554710 -28.466280 -33.451580 -64.171890 65.443820 -0.105740 12.232920 -11.594040 -47.823497 -20.368510 5.807572 47.176690 -11.863070 -48.453420 -10.390250 -19.161700 8.970261 47.405820 -11.282710 -16.670240 48.443530 -54.467120 75.568690 8.894560 -22.539620 22.142950 46.977530 16.485260 -22.627440 -47.204227 -14.799510 -12.169120 47.898530 -33.191490 22.101810 45.332930 -35.855670 24.257080 44.959360 -37.983880 54.936100 44.852100 29.240070 45.750010 -22.031020 -15.256370 10.112970 48.068580 -21.104360 8.414222 47.083330 4.477688 30.617580 -31.037490 9.368749 -16.764640 -48.432738 13.449130 -15.408830 -47.646381 -19.136930 -5.064025 47.260710 -17.471680 -10.169300 47.475490 11.209360 -16.153050 -48.078021 -23.891110 18.931550 46.733950 9.294837 -20.926010 -48.513453 -12.134050 -14.150450 48.328750 -29.560300 8.907302 45.761060 -6.169431 17.229860 -39.356480 -24.582550 -17.761260 46.234520 5.856236 91.285100 18.008800 -18.070000 -1.954660 47.471340 -26.444590 12.570670 46.274910 -27.378430 -10.163880 45.892450 -15.749620 -15.234290 47.700140 -24.200610 4.728450 46.550810 -8.541968 -40.780620 -20.680380 -6.467529 -4.900694 -46.009543 -38.560500 74.212690 44.856890 -6.775460 -36.812070 -26.046280 -25.164910 22.921580 -35.500990 -17.273970 -4.523092 47.574450 -19.617540 3.211044 47.272450 -15.936720 12.731760 47.979190 -41.393060 14.374380 44.090860 -21.895510 19.491030 47.058440 -15.638500 -9.630402 47.788040 -30.676100 5.791189 45.562000 -51.300500 -20.529800 10.233300 -43.640090 -30.738830 9.357350 -28.280550 -7.611044 45.783470 -16.463360 -7.081800 47.680020 -25.529120 -15.239100 46.117970 -23.514190 32.051830 -29.443760 -15.381320 5.349063 -43.382106 9.277958 22.645850 -36.215300 -18.851040 0.622684 47.370700 -42.583670 5.606431 43.846600 -13.126690 2.312942 48.351030 -25.540910 25.874710 -33.558060 -20.149600 -8.151306 47.059720 -60.697170 10.021150 41.566050 -27.268520 -15.713640 45.842750 -12.387940 -0.267363 48.449950 -33.138440 30.634490 45.407080 -19.947630 -2.496581 47.157030 -3.505172 -32.316940 -33.390760 -29.868590 3.188955 45.657930 -5.820545 -29.377500 -33.693420 -43.351110 -8.020914 -8.472010 -35.395110 52.766590 45.215920 26.994740 44.403940 -22.811690 -29.149780 -10.640340 45.616110 14.835290 38.032400 -26.506950 51.966890 -51.957050 -29.451080 -19.358160 -44.388010 -6.125640 -37.101560 6.955380 44.628970 -8.097946 -37.217010 -24.330440 -40.714550 -10.369110 -9.930340 -29.167220 -5.048365 45.677020 -27.859610 17.843860 46.103110 51.183690 -49.357560 -29.839460 7.961197 28.772790 -32.313940 -26.063250 38.205610 46.541110 -44.839810 44.781690 43.837430 -36.736930 -23.750020 44.337340 -67.576260 19.969230 40.847840 -44.308600 -8.642957 -6.885350 -30.970030 -5.526667 45.399610 -39.079810 20.610050 44.467740 -43.446770 8.222295 43.752920 -61.796940 18.298250 41.503320 -1.445292 -7.975444 -47.946026 -23.856040 -58.822310 11.427870 -17.473250 30.423820 -30.665930 -20.701460 32.620870 -29.113740 -57.450670 22.051760 42.055680 -12.438310 -31.544560 -24.855180 -37.831630 23.759230 44.670610 -33.216220 -13.949320 -16.136490 -30.037920 -2.476650 45.573130 -19.782020 -19.162140 -27.517910 27.549770 41.833550 -24.532580 -7.653624 -33.562350 -28.061680 -46.299100 -28.571260 10.684330 -7.206074 -29.807380 -31.885000 -44.373470 67.333950 44.014670 4.003750 16.996810 -39.633530 -39.970640 -16.205240 43.974700 -42.581500 70.506110 44.274870 -38.275160 -24.135110 44.113990 -65.788300 6.151420 40.937990 -44.782150 -16.735790 -0.356660 41.047030 -37.825540 -36.850240 -55.754240 11.072910 42.176060 -43.313340 47.979030 44.064740 77.744190 -76.026640 -11.168200 -25.699150 -56.353870 11.216840 -33.748080 33.319670 45.336210 -61.302380 7.065726 41.468280 -42.172230 17.018660 44.005520 -5.212366 -0.876646 -47.303067 -46.886990 44.300750 43.558490 22.857750 26.544750 -34.095900 26.033640 22.327660 -36.767090 39.069700 41.619910 -25.210860 -60.451780 -29.235150 27.732460 -15.897090 -43.178110 -10.876920 -38.907870 -18.730550 44.092970 -58.213490 -20.378520 41.554250 -14.852530 14.970280 -40.667004 -44.037040 28.745030 -25.785150 -49.655360 -23.227540 10.379060 23.383200 23.621840 -35.913350 -63.233930 12.330160 41.286250 32.197420 22.063630 -37.073390 -34.235460 -14.528540 -14.490080 -31.190590 -48.850690 10.610890 -56.945020 -22.894550 41.677890 -52.982900 34.394960 42.701080 -56.442910 25.109180 42.202490 -38.385630 -38.605900 9.866720 -41.558560 -16.592890 43.749870 24.076390 33.681380 -29.651700 -56.785010 -25.642490 41.663490 -55.657160 22.438670 42.280070 -70.244510 13.771790 40.501650 21.110890 35.070640 -28.661360 18.025270 36.523350 -27.612310 -2.288612 -4.807132 -48.068839 -53.108850 -38.888880 26.914560 -49.927730 60.497820 43.240760 28.370610 21.196340 -37.507990 -43.474790 2.572686 43.695310 -33.005270 -46.315750 10.417970 -42.048810 -11.124000 43.746000 -27.563210 -22.816430 -15.614170 -54.746210 -36.373030 26.760380 -5.577353 13.856840 -41.454668 -51.691770 37.525320 42.886560 -25.613810 -25.704900 -15.422960 -41.400580 -8.166798 43.868370 23.502480 36.429170 -27.873460 19.210230 17.442960 -39.600130 -43.347070 -3.024025 43.656190 31.561440 32.737270 -30.504390 -44.294280 -0.438586 43.554000 56.973400 -66.726100 -26.908080 19.857910 -49.168040 -39.357250 33.567530 34.326570 -29.582640 14.118310 28.241150 -32.806890 -61.823350 4.131330 41.380210 7.726879 14.883010 -40.981735 -10.802890 -27.283230 -30.365750 14.099560 14.351700 -41.393021 16.736670 29.551140 -32.047130 -8.285254 12.996190 -41.953832 -41.684440 -10.974530 -8.332700 -72.646190 16.150660 40.257760 -40.152660 -36.001650 9.692290 -60.764580 74.459480 8.251300 22.040860 16.007840 -40.517241 -59.479740 -15.059550 41.463430 -10.269960 -34.402450 -24.598330 66.327630 -66.047840 -19.326690 10.757810 29.953810 -31.628980 37.416200 37.537960 -27.720130 33.832050 31.704770 -31.225440 -2.383502 14.813830 -40.899625 -10.525410 12.252120 -42.385384 0.860709 15.865140 -40.289877 -12.090070 -27.737370 -28.592440 31.930550 44.621360 -22.915760 -60.578200 -9.687140 41.391130 -12.366020 11.640520 -42.740101 -62.022060 -26.677880 27.592510 19.736380 14.319510 -41.496451 -46.521580 66.827460 43.720920 -68.512010 28.310270 40.802000 -72.369850 75.923980 10.329850 4.674407 13.620530 -41.713954 -71.581340 22.032040 40.417800 -61.505270 -4.260522 41.337320 -9.875043 -30.674480 -28.333470 -72.159560 19.081460 40.332950 22.399000 12.964570 -42.350708 -38.997740 -13.319610 -9.783710 11.336080 12.888100 -42.241892 11.120280 9.854519 -44.086088 -58.072250 47.469340 42.143640 -62.598320 40.858470 41.562040 14.412320 11.186630 -43.313478 -70.156590 27.990240 40.616390 40.919040 43.198290 -24.295460 -55.167060 53.732670 42.536530 5.713160 -36.830430 -38.147580 -50.365790 63.177990 43.195560 46.124460 -45.762090 -33.528020 -66.645890 34.363530 41.052780 67.881450 -67.151080 -18.193150 -52.021070 60.025320 42.966720 -69.313320 30.996670 40.730130 56.280320 -67.936780 -27.610270 6.339281 14.190670 39.912780 24.793290 33.695450 30.012850 5.769622 16.889810 39.826150 4.676042 22.316530 39.660830 3.646661 15.790190 40.936500 -65.589620 37.413120 41.192730 30.870490 -11.640360 32.550620 4.151868 25.045680 39.582040 -6.675700 10.618950 46.564590 36.776400 55.950740 -15.583380 5.367382 31.724230 38.333580 -7.944992 15.896170 46.388590 27.874350 13.943810 30.565740 12.561630 32.658750 35.147090 24.413570 36.561870 29.945610 -4.651475 11.612870 45.429870 -63.246130 43.559020 41.501230 24.241810 21.012900 31.353810 -68.386310 34.019730 40.853390 27.860720 29.384840 29.126790 -55.673740 56.426340 42.486230 -64.456010 40.479370 41.342170 35.341070 12.343230 27.666790 4.231161 13.105480 41.024020 22.505220 32.304870 31.050040 1.458974 26.631190 40.612090 38.789030 -25.080090 31.202870 36.312540 6.772712 27.856510 50.298860 -54.708330 -31.046810 5.845367 28.962620 38.406080 -57.189470 53.294730 42.282540 0.957767 17.396730 41.966560 -5.348077 5.379768 46.750310 27.467240 32.248460 29.055220 0.388049 20.089920 41.883200 20.655410 28.125170 32.170140 25.771810 -26.205680 37.366230 25.026370 -23.658420 37.235280 40.765020 -14.917120 28.744450 33.993680 20.806410 27.406010 9.617606 9.909732 38.987030 0.456785 32.107210 40.465150 38.991210 -6.893833 28.387070 26.023590 25.157220 30.232060 14.152260 0.315932 38.273400 14.833130 33.948890 34.075910 34.877150 15.150620 27.576690 -10.304910 26.559060 46.065330 2.674267 0.463038 43.645420 24.713760 18.219110 31.437060 54.443990 55.959820 -16.894340 -5.892779 16.913880 45.255440 36.157790 -14.634550 30.687200 37.959780 10.913880 26.753880 40.160220 -12.257380 28.622050 26.966560 -22.654610 36.144440 8.612727 42.606320 35.961620 27.389170 16.728320 30.477810 -3.351565 6.350883 45.614120 7.158569 35.725430 37.172360 40.481690 -2.908588 27.261990 -58.642260 50.170680 42.088270 2.002077 3.081510 43.545930 0.680254 -0.510380 44.775110 31.351170 22.241670 28.336330 32.614560 1.456021 30.008760 37.498410 13.724120 26.662000 38.435670 8.118523 26.849000 8.464370 15.301120 38.807760 -3.388210 27.104100 42.764670 41.028560 -5.628390 27.373490 6.847361 23.467540 38.558860 14.793610 -2.329336 38.377170 5.086229 -15.930690 45.429480 36.290330 58.213000 -13.968300 -8.195481 27.624370 44.935750 1.344134 5.710742 43.449000 13.427230 -5.992485 39.589830 30.239920 -8.993456 32.434200 0.071813 11.000050 43.262810 39.430420 2.574020 27.048970 -61.963950 46.652240 41.669740 31.546460 6.931492 29.807790 15.816300 -22.415430 41.406150 39.414860 -18.739020 29.898870 12.365790 -18.266050 42.279990 13.910750 -23.337230 42.526640 24.629740 -29.700800 38.598550 30.522640 27.944230 28.181200 8.765466 3.505148 40.285670 21.556570 22.512350 32.324700 28.214260 -19.045770 34.934220 30.876010 -20.577240 33.985550 12.833580 -12.184530 40.925400 7.371332 20.734440 38.639200 6.073886 5.112656 41.302320 13.007570 29.862310 35.218560 7.910340 18.012350 38.722150 1.762106 38.821250 39.226560 53.136980 -9.789163 22.956690 15.449190 -4.963121 38.483730 34.499410 -33.353150 34.662730 8.546052 -20.096130 44.534180 29.515710 -15.375400 33.735930 5.358691 -1.162821 42.621770 22.349680 -22.091340 38.204430 22.030000 19.722510 32.406310 1.380667 -3.107523 44.877830 -1.782022 -7.543384 47.257430 30.519900 0.226699 31.050930 41.396890 -26.548000 30.297810 18.668670 42.336170 31.833090 20.063580 -29.056270 40.679380 36.202330 22.240560 26.405650 28.208610 -10.120450 33.498410 10.736910 -4.391550 40.593410 31.678710 -5.163642 31.266530 11.730900 11.015340 37.885900 42.020990 1.156904 26.154640 28.374200 11.173370 30.656670 10.872320 -13.149250 42.044040 28.440100 -27.758840 36.408330 3.191585 -16.822740 46.566540 12.314200 8.323639 37.978630 12.912390 5.642570 38.074140 36.388340 -32.333830 33.592890 16.337230 40.950920 32.883940 6.998234 -15.021540 44.296430 37.564770 -28.738190 32.390990 49.826990 9.716662 22.198960 16.218150 1.394475 37.175800 18.932510 -17.950960 39.058360 25.702420 12.670180 31.612430 12.121170 -9.598827 40.812050 37.891740 -37.375120 33.884270 55.066460 -8.361032 22.021310 -5.851534 40.757310 42.417260 8.228176 45.423880 35.902000 49.266450 57.797750 -15.274080 58.734660 -71.376040 -25.990840 26.725650 38.005810 28.920930 51.163200 1.254378 22.502450 -13.386720 42.780700 45.650930 49.409460 12.572260 22.104790 32.404180 32.282070 27.101880 53.664170 -12.508830 23.079220 49.884050 78.709830 -0.169350 53.453810 -21.893150 24.423630 53.163340 2.754311 21.572990 55.323580 -20.566010 23.468240 51.879880 11.274080 21.274460 52.279000 -34.789010 26.958020 0.129305 49.959350 38.987150 48.616780 18.334360 21.926880 20.675890 46.639530 30.734360 52.171880 78.182350 -0.912380 42.470140 29.718510 23.410390 52.958230 -37.340800 27.111550 48.241710 21.240490 21.843090 53.450040 -31.009180 25.821190 55.064180 -44.909390 27.592610 47.236680 58.510050 -14.630830 45.017760 28.398460 22.540010 33.108930 48.484870 25.804280 65.087820 -79.228170 -21.678370 10.209820 49.592490 34.774020 27.030010 59.979030 27.538160 70.476380 -13.958750 16.698850 39.231290 36.939120 24.159990 68.349650 16.563250 14.822380 74.094420 -13.282320 15.269190 54.762580 -36.151870 26.123390 2.101679 54.047640 37.844910 67.476660 25.631410 14.573900 -11.316860 61.567330 43.090240 72.087790 0.863400 14.666750 32.838150 51.448650 25.752340 66.425460 -76.893340 -20.324170 32.340100 57.376970 25.657090 68.666300 13.586120 14.912950 35.736160 47.158610 24.885170 17.275930 -43.561850 -42.139272 38.920570 39.899200 24.096790 47.202050 30.054370 21.612160 41.809820 35.614680 23.271970 41.501130 38.583750 23.207510 13.571630 66.665880 32.432050 75.449670 -31.226150 16.909020 -68.065230 67.662440 41.057960 65.356850 26.669580 15.257970 24.353970 61.297970 28.496590 -74.741090 60.919660 40.294570 64.011360 -47.667420 24.220470 49.955400 67.723720 -8.452700 -5.087914 73.594540 39.670830 39.737510 59.602620 22.842320 65.088590 29.729430 15.184100 62.171680 40.078260 15.695620 64.360700 39.040290 14.984500 61.952290 43.209260 15.637390'/>
					<Color color='0.700000 0.700000 0.700000 0.700000 0.700000 0.700000 0.700000 0.700000 0.700000 0.700000 0.700000 0.700000 0.700000 0.700000 0.700000 0.700000 0.700000 0.700000 0.700000 0.700000 0.700000 0.700000 0.700000 0.700000 0.700000 0.700000 0.700000 0.700000 0.700000 0.700000 0.700000 0.700000 0.700000 0.700000 0.700000 0.700000 0.700000 0.700000 0.700000 0.700000 0.700000 0.700000 0.700000 0.700000 0.700000 0.700000 0.700000 0.700000 0.700000 0.700000 0.700000 0.700000 0.700000 0.700000 0.700000 0.700000 0.700000 0.700000 0.700000 0.700000 0.700000 0.700000 0.700000 0.700000 0.700000 0.700000 0.700000 0.700000 0.700000 0.700000 0.700000 0.700000 0.700000 0.700000 0.700000 0.700000 0.700000 0.700000 0.700000 0.700000 0.700000 0.700000 0.700000 0.700000 0.700000 0.700000 0.700000 0.700000 0.700000 0.700000 0.700000 0.700000 0.700000 0.700000 0.700000 0.700000 0.700000 0.700000 0.700000 0.700000 0.700000 0.700000 0.700000 0.700000 0.700000 0.700000 0.700000 0.700000 0.700000 0.700000 0.700000 0.700000 0.700000 0.700000 0.700000 0.700000 0.700000 0.700000 0.700000 0.700000 0.700000 0.700000 0.700000 0.700000 0.700000 0.700000 0.700000 0.700000 0.700000 0.700000 0.700000 0.700000 0.700000 0.700000 0.700000 0.700000 0.700000 0.700000 0.700000 0.700000 0.700000 0.700000 0.700000 0.700000 0.700000 0.700000 0.700000 0.700000 0.700000 0.700000 0.700000 0.700000 0.700000 0.700000 0.700000 0.700000 0.700000 0.700000 0.700000 0.700000 0.700000 0.700000 0.700000 0.700000 0.700000 0.700000 0.700000 0.700000 0.700000 0.700000 0.700000 0.700000 0.700000 0.700000 0.700000 0.700000 0.700000 0.700000 0.700000 0.700000 0.700000 0.700000 0.700000 0.700000 0.700000 0.700000 0.700000 0.700000 0.700000 0.700000 0.700000 0.700000 0.700000 0.700000 0.700000 0.700000 0.700000 0.700000 0.700000 0.700000 0.700000 0.700000 0.700000 0.700000 0.700000 0.700000 0.700000 0.700000 0.700000 0.700000 0.700000 0.700000 0.700000 0.700000 0.700000 0.700000 0.700000 0.700000 0.700000 0.700000 0.700000 0.700000 0.700000 0.700000 0.700000 0.700000 0.700000 0.700000 0.700000 0.700000 0.700000 0.700000 0.700000 0.700000 0.700000 0.700000 0.700000 0.700000 0.700000 0.700000 0.700000 0.700000 0.700000 0.700000 0.700000 0.700000 0.700000 0.700000 0.700000 0.700000 0.700000 0.700000 0.700000 0.700000 0.700000 0.700000 0.700000 0.700000 0.700000 0.700000 0.700000 0.700000 0.700000 0.700000 0.700000 0.700000 0.700000 0.700000 0.700000 0.700000 0.700000 0.700000 0.700000 0.700000 0.700000 0.700000 0.700000 0.700000 0.700000 0.700000 0.700000 0.700000 0.700000 0.700000 0.700000 0.700000 0.700000 0.700000 0.700000 0.700000 0.700000 0.700000 0.700000 0.700000 0.700000 0.700000 0.700000 0.700000 0.700000 0.700000 0.700000 0.700000 0.700000 0.700000 0.700000 0.700000 0.700000 0.700000 0.700000 0.700000 0.700000 0.700000 0.700000 0.700000 0.700000 0.700000 0.700000 0.700000 0.700000 0.700000 0.700000 0.700000 0.700000 0.700000 0.700000 0.700000 0.700000 0.700000 0.700000 0.700000 0.700000 0.700000 0.700000 0.700000 0.700000 0.700000 0.700000 0.700000 0.700000 0.700000 0.700000 0.700000 0.700000 0.700000 0.700000 0.700000 0.700000 0.700000 0.700000 0.700000 0.700000 0.700000 0.700000 0.700000 0.700000 0.700000 0.700000 0.700000 0.700000 0.700000 0.700000 0.700000 0.700000 0.700000 0.700000 0.700000 0.700000 0.700000 0.700000 0.700000 0.700000 0.700000 0.700000 0.700000 0.700000 0.700000 0.700000 0.700000 0.700000 0.700000 0.700000 0.700000 0.700000 0.700000 0.700000 0.700000 0.700000 0.700000 0.700000 0.700000 0.700000 0.700000 0.700000 0.700000 0.700000 0.700000 0.700000 0.700000 0.700000 0.700000 0.700000 0.700000 0.700000 0.700000 0.700000 0.700000 0.700000 0.700000 0.700000 0.700000 0.700000 0.700000 0.700000 0.700000 0.700000 0.700000 0.700000 0.700000 0.700000 0.700000 0.700000 0.700000 0.700000 0.700000 0.700000 0.700000 0.700000 0.700000 0.700000 0.700000 0.700000 0.700000 0.700000 0.700000 0.700000 0.700000 0.700000 0.700000 0.700000 0.700000 0.700000 0.700000 0.700000 0.700000 0.700000 0.700000 0.700000 0.700000 0.700000 0.700000 0.700000 0.700000 0.700000 0.700000 0.700000 0.700000 0.700000 0.700000 0.700000 0.700000 0.700000 0.700000 0.700000 0.700000 0.700000 0.700000 0.700000 0.700000 0.700000 0.700000 0.700000 0.700000 0.700000 0.700000 0.700000 0.700000 0.700000 0.700000 0.700000 0.700000 0.700000 0.700000 0.700000 0.700000 0.700000 0.700000 0.700000 0.700000 0.700000 0.700000 0.700000 0.700000 0.700000 0.700000 0.700000 0.700000 0.700000 0.700000 0.700000 0.700000 0.700000 0.700000 0.700000 0.700000 0.700000 0.700000 0.700000 0.700000 0.700000 0.700000 0.700000 0.700000 0.700000 0.700000 0.700000 0.700000 0.700000 0.700000 0.700000 0.700000 0.700000 0.700000 0.700000 0.700000 0.700000 0.700000 0.700000 0.700000 0.700000 0.700000 0.700000 0.700000 0.700000 0.700000 0.700000 0.700000 0.700000 0.700000 0.700000 0.700000 0.700000 0.700000 0.700000 0.700000 0.700000 0.700000 0.700000 0.700000 0.700000 0.700000 0.700000 0.700000 0.700000 0.700000 0.700000 0.700000 0.700000 0.700000 0.700000 0.700000 0.700000 0.700000 0.700000 0.700000 0.700000 0.700000 0.700000 0.700000 0.700000 0.700000 0.700000 0.700000 0.700000 0.700000 0.700000 0.700000 0.700000 0.700000 0.700000 0.700000 0.700000 0.700000 0.700000 0.700000 0.700000 0.700000 0.700000 0.700000 0.700000 0.700000 0.700000 0.700000 0.700000 0.700000 0.700000 0.700000 0.700000 0.700000 0.700000 0.700000 0.700000 0.700000 0.700000 0.700000 0.700000 0.700000 0.700000 0.700000 0.700000 0.700000 0.700000 0.700000 0.700000 0.700000 0.700000 0.700000 0.700000 0.700000 0.700000 0.700000 0.700000 0.700000 0.700000 0.700000 0.700000 0.700000 0.700000 0.700000 0.700000 0.700000 0.700000 0.700000 0.700000 0.700000 0.700000 0.700000 0.700000 0.700000 0.700000 0.700000 0.700000 0.700000 0.700000 0.700000 0.700000 0.700000 0.700000 0.700000 0.700000 0.700000 0.700000 0.700000 0.700000 0.700000 0.700000 0.700000 0.700000 0.700000 0.700000 0.700000 0.700000 0.700000 0.700000 0.700000 0.700000 0.700000 0.700000 0.700000 0.700000 0.700000 0.700000 0.700000 0.700000 0.700000 0.700000 0.700000 0.700000 0.700000 0.700000 0.700000 0.700000 0.700000 0.700000 0.700000 0.700000 0.700000 0.700000 0.700000 0.700000 0.700000 0.700000 0.700000 0.700000 0.700000 0.700000 0.700000 0.700000 0.700000 0.700000 0.700000 0.700000 0.700000 0.700000 0.700000 0.700000 0.700000 0.700000 0.700000 0.700000 0.700000 0.700000 0.700000 0.700000 0.700000 0.700000 0.700000 0.700000 0.700000 0.700000 0.700000 0.700000 0.700000 0.700000 0.700000 0.700000 0.700000 0.700000 0.700000 0.700000 0.700000 0.700000 0.700000 0.700000 0.700000 0.700000 0.700000 0.700000 0.700000 0.700000 0.700000 0.700000 0.700000 0.700000 0.700000 0.700000 0.700000 0.700000 0.700000 0.700000 0.700000 0.700000 0.700000 0.700000 0.700000 0.700000 0.700000 0.700000 0.700000 0.700000 0.700000 0.700000 0.700000 0.700000 0.700000 0.700000 0.700000 0.700000 0.700000 0.700000 0.700000 0.700000 0.700000 0.700000 0.700000 0.700000 0.700000 0.700000 0.700000 0.700000 0.700000 0.700000 0.700000 0.700000 0.700000 0.700000 0.700000 0.700000 0.700000 0.700000 0.700000 0.700000 0.700000 0.700000 0.700000 0.700000 0.700000 0.700000 0.700000 0.700000 0.700000 0.700000 0.700000 0.700000 0.700000 0.700000 0.700000 0.700000 0.700000 0.700000 0.700000 0.700000 0.700000 0.700000 0.700000 0.700000 0.700000 0.700000 0.700000 0.700000 0.700000 0.700000 0.700000 0.700000 0.700000 0.700000 0.700000 0.700000 0.700000 0.700000 0.700000 0.700000 0.700000 0.700000 0.700000 0.700000 0.700000 0.700000 0.700000 0.700000 0.700000 0.700000 0.700000 0.700000 0.700000 0.700000 0.700000 0.700000 0.700000 0.700000 0.700000 0.700000 0.700000 0.700000 0.700000 0.700000 0.700000 0.700000 0.700000 0.700000 0.700000 0.700000 0.700000 0.700000 0.700000 0.700000 0.700000 0.700000 0.700000 0.700000 0.700000 0.700000 0.700000 0.700000 0.700000 0.700000 0.700000 0.700000 0.700000 0.700000 0.700000 0.700000 0.700000 0.700000 0.700000 0.700000 0.700000 0.700000 0.700000 0.700000 0.700000 0.700000 0.700000 0.700000 0.700000 0.700000 0.700000 0.700000 0.700000 0.700000 0.700000 0.700000 0.700000 0.700000 0.700000 0.700000 0.700000 0.700000 0.700000 0.700000 0.700000 0.700000 0.700000 0.700000 0.700000 0.700000 0.700000 0.700000 0.700000 0.700000 0.700000 0.700000 0.700000 0.700000 0.700000 0.700000 0.700000 0.700000 0.700000 0.700000 0.700000 0.700000 0.700000 0.700000 0.700000 0.700000 0.700000 0.700000 0.700000 0.700000 0.700000 0.700000 0.700000 0.700000 0.700000 0.700000 0.700000 0.700000 0.700000 0.700000 0.700000 0.700000 0.700000 0.700000 0.700000 0.700000 0.700000 0.700000 0.700000 0.700000 0.700000 0.700000 0.700000 0.700000 0.700000 0.700000 0.700000 0.700000 0.700000 0.700000 0.700000 0.700000 0.700000 0.700000 0.700000 0.700000 0.700000 0.700000 0.700000 0.700000 0.700000 0.700000 0.700000 0.700000 0.700000 0.700000 0.700000 0.700000 0.700000 0.700000 0.700000 0.700000 0.700000 0.700000 0.700000 0.700000 0.700000 0.700000 0.700000 0.700000 0.700000 0.700000 0.700000 0.700000 0.700000 0.700000 0.700000 0.700000 0.700000 0.700000 0.700000 0.700000 0.700000 0.700000 0.700000 0.700000 0.700000 0.700000 0.700000 0.700000 0.700000 0.700000 0.700000 0.700000 0.700000 0.700000 0.700000 0.700000 0.700000 0.700000 0.700000 0.700000 0.700000 0.700000 0.700000 0.700000 0.700000 0.700000 0.700000 0.700000 0.700000 0.700000 0.700000 0.700000 0.700000 0.700000 0.700000 0.700000 0.700000 0.700000 0.700000 0.700000 0.700000 0.700000 0.700000 0.700000 0.700000 0.700000 0.700000 0.700000 0.700000 0.700000 0.700000 0.700000 0.700000 0.700000 0.700000 0.700000 0.700000 0.700000 0.700000 0.700000 0.700000 0.700000 0.700000 0.700000 0.700000 0.700000 0.700000 0.700000 0.700000 0.700000 0.700000 0.700000 0.700000 0.700000 0.700000 0.700000 0.700000 0.700000 0.700000 0.700000 0.700000 0.700000 0.700000 0.700000 0.700000 0.700000 0.700000 0.700000 0.700000 0.700000 0.700000 0.700000 0.700000 0.700000 0.700000 0.700000 0.700000 0.700000 0.700000 0.700000 0.700000 0.700000 0.700000 0.700000 0.700000 0.700000 0.700000 0.700000 0.700000 0.700000 0.700000 0.700000 0.700000 0.700000 0.700000 0.700000 0.700000 0.700000 0.700000 0.700000 0.700000 0.700000 0.700000 0.700000 0.700000 0.700000 0.700000 0.700000 0.700000 0.700000 0.700000 0.700000 0.700000 0.700000 0.700000 0.700000 0.700000 0.700000 0.700000 0.700000 0.700000 0.700000 0.700000 0.700000 0.700000 0.700000 0.700000 0.700000 0.700000 0.700000 0.700000 0.700000 0.700000 0.700000 0.700000 0.700000 0.700000 0.700000 0.700000 0.700000 0.700000 0.700000 0.700000 0.700000 0.700000 0.700000 0.700000 0.700000 0.700000 0.700000 0.700000 0.700000 0.700000 0.700000 0.700000 0.700000 0.700000 0.700000 0.700000 0.700000 0.700000 0.700000 0.700000 0.700000 0.700000 0.700000 0.700000 0.700000 0.700000 0.700000 0.700000 0.700000 0.700000 0.700000 0.700000 0.700000 0.700000 0.700000 0.700000 0.700000 0.700000 0.700000 0.700000 0.700000 0.700000 0.700000 0.700000 0.700000 0.700000 0.700000 0.700000 0.700000 0.700000 0.700000 0.700000 0.700000 0.700000 0.700000 0.700000 0.700000 0.700000 0.700000 0.700000 0.700000 0.700000 0.700000 0.700000 0.700000 0.700000 0.700000 0.700000 0.700000 0.700000 0.700000 0.700000 0.700000 0.700000 0.700000 0.700000 0.700000 0.700000 0.700000 0.700000 0.700000 0.700000 0.700000 0.700000 0.700000 0.700000 0.700000 0.700000 0.700000 0.700000 0.700000 0.700000 0.700000 0.700000 0.700000 0.700000 0.700000 0.700000 0.700000 0.700000 0.700000 0.700000 0.700000 0.700000 0.700000 0.700000 0.700000 0.700000 0.700000 0.700000 0.700000 0.700000 0.700000 0.700000 0.700000 0.700000 0.700000 0.700000 0.700000 0.700000 0.700000 0.700000 0.700000 0.700000 0.700000 0.700000 0.700000 0.700000 0.700000 0.700000 0.700000 0.700000 0.700000 0.700000 0.700000 0.700000 0.700000 0.700000 0.700000 0.700000 0.700000 0.700000 0.700000 0.700000 0.700000 0.700000 0.700000 0.700000 0.700000 0.700000 0.700000 0.700000 0.700000 0.700000 0.700000 0.700000 0.700000 0.700000 0.700000 0.700000 0.700000 0.700000 0.700000 0.700000 0.700000 0.700000 0.700000 0.700000 0.700000 0.700000 0.700000 0.700000 0.700000 0.700000 0.700000 0.700000 0.700000 0.700000 0.700000 0.700000 0.700000 0.700000 0.700000 0.700000 0.700000 0.700000 0.700000 0.700000 0.700000 0.700000 0.700000 0.700000 0.700000 0.700000 0.700000 0.700000 0.700000 0.700000 0.700000 0.700000 0.700000 0.700000 0.700000 0.700000 0.700000 0.700000 0.700000 0.700000 0.700000 0.700000 0.700000 0.700000 0.700000 0.700000 0.700000 0.700000 0.700000 0.700000 0.700000 0.700000 0.700000 0.700000 0.700000 0.700000 0.700000 0.700000 0.700000 0.700000 0.700000 0.700000 0.700000 0.700000 0.700000 0.700000 0.700000 0.700000 0.700000 0.700000 0.700000 0.700000 0.700000 0.700000 0.700000 0.700000 0.700000 0.700000 0.700000 0.700000 0.700000 0.700000 0.700000 0.700000 0.700000 0.700000 0.700000 0.700000 0.700000 0.700000 0.700000 0.700000 0.700000 0.700000 0.700000 0.700000 0.700000 0.700000 0.700000 0.700000 0.700000 0.700000 0.700000 0.700000 0.700000 0.700000 0.700000 0.700000 0.700000 0.700000 0.700000 0.700000 0.700000 0.700000 0.700000 0.700000 0.700000 0.700000 0.700000 0.700000 0.700000 0.700000 0.700000 0.700000 0.700000 0.700000 0.700000 0.700000 0.700000 0.700000 0.700000 0.700000 0.700000 0.700000 0.700000 0.700000 0.700000 0.700000 0.700000 0.700000 0.700000 0.700000 0.700000 0.700000 0.700000 0.700000 0.700000 0.700000 0.700000 0.700000 0.700000 0.700000 0.700000 0.700000 0.700000 0.700000 0.700000 0.700000 0.700000 0.700000 0.700000 0.700000 0.700000 0.700000 0.700000 0.700000 0.700000 0.700000 0.700000 0.700000 0.700000 0.700000 0.700000 0.700000 0.700000 0.700000 0.700000 0.700000 0.700000 0.700000 0.700000 0.700000 0.700000 0.700000 0.700000 0.700000 0.700000 0.700000 0.700000 0.700000 0.700000 0.700000 0.700000 0.700000 0.700000 0.700000 0.700000 0.700000 0.700000 0.700000 0.700000 0.700000 0.700000 0.700000 0.700000 0.700000 0.700000 0.700000 0.700000 0.700000 0.700000 0.700000 0.700000 0.700000 0.700000 0.700000 0.700000 0.700000 0.700000 0.700000 0.700000 0.700000 0.700000 0.700000 0.700000 0.700000 0.700000 0.700000 0.700000 0.700000 0.700000 0.700000 0.700000 0.700000 0.700000 0.700000 0.700000 0.700000 0.700000 0.700000 0.700000 0.700000 0.700000 0.700000 0.700000 0.700000 0.700000 0.700000 0.700000 0.700000 0.700000 0.700000 0.700000 0.700000 0.700000 0.700000 0.700000 0.700000 0.700000 0.700000 0.700000 0.700000 0.700000 0.700000 0.700000 0.700000 0.700000 0.700000 0.700000 0.700000 0.700000 0.700000 0.700000 0.700000 0.700000 0.700000 0.700000 0.700000 0.700000 0.700000 0.700000 0.700000 0.700000 0.700000 0.700000 0.700000 0.700000 0.700000 0.700000 0.700000 0.700000 0.700000 0.700000 0.700000 0.700000 0.700000 0.700000 0.700000 0.700000 0.700000 0.700000 0.700000 0.700000 0.700000 0.700000 0.700000 0.700000 0.700000 0.700000 0.700000 0.700000 0.700000 0.700000 0.700000 0.700000 0.700000 0.700000 0.700000 0.700000 0.700000 0.700000 0.700000 0.700000 0.700000 0.700000 0.700000 0.700000 0.700000 0.700000 0.700000 0.700000 0.700000 0.700000 0.700000 0.700000 0.700000 0.700000 0.700000 0.700000 0.700000 0.700000 0.700000 0.700000 0.700000 0.700000 0.700000 0.700000 0.700000 0.700000 0.700000 0.700000 0.700000 0.700000 0.700000 0.700000 0.700000 0.700000 0.700000 0.700000 0.700000 0.700000 0.700000 0.700000 0.700000 0.700000 0.700000 0.700000 0.700000 0.700000 0.700000 0.700000 0.700000 0.700000 0.700000 0.700000 0.700000 0.700000 0.700000 0.700000 0.700000 0.700000 0.700000 0.700000 0.700000 0.700000 0.700000 0.700000 0.700000 0.700000 0.700000 0.700000 0.700000 0.700000 0.700000 0.700000 0.700000 0.700000 0.700000 0.700000 0.700000 0.700000 0.700000 0.700000 0.700000 0.700000 0.700000 0.700000 0.700000 0.700000 0.700000 0.700000 0.700000 0.700000 0.700000 0.700000 0.700000 0.700000 0.700000 0.700000 0.700000 0.700000 0.700000 0.700000 0.700000 0.700000 0.700000 0.700000 0.700000 0.700000 0.700000 0.700000 0.700000 0.700000 0.700000 0.700000 0.700000 0.700000 0.700000 0.700000 0.700000 0.700000 0.700000 0.700000 0.700000 0.700000 0.700000 0.700000 0.700000 0.700000 0.700000 0.700000 0.700000 0.700000 0.700000 0.700000 0.700000 0.700000 0.700000 0.700000 0.700000 0.700000 0.700000 0.700000 0.700000 0.700000 0.700000 0.700000 0.700000 0.700000 0.700000 0.700000 0.700000 0.700000 0.700000 0.700000 0.700000 0.700000 0.700000 0.700000 0.700000 0.700000 0.700000 0.700000 0.700000 0.700000 0.700000 0.700000 0.700000 0.700000 0.700000 0.700000 0.700000 0.700000 0.700000 0.700000 0.700000 0.700000 0.700000 0.700000 0.700000 0.700000 0.700000 0.700000 0.700000 0.700000 0.700000 0.700000 0.700000 0.700000 0.700000 0.700000 0.700000 0.700000 0.700000 0.700000 0.700000 0.700000 0.700000 0.700000 0.700000 0.700000 0.700000 0.700000 0.700000 0.700000 0.700000 0.700000 0.700000 0.700000 0.700000 0.700000 0.700000 0.700000 0.700000 0.700000 0.700000 0.700000 0.700000 0.700000 0.700000 0.700000 0.700000 0.700000 0.700000 0.700000 0.700000 0.700000 0.700000 0.700000 0.700000 0.700000 0.700000 0.700000 0.700000 0.700000 0.700000 0.700000 0.700000 0.700000 0.700000 0.700000 0.700000 0.700000 0.700000 0.700000 0.700000 0.700000 0.700000 0.700000 0.700000 0.700000 0.700000 0.700000 0.700000 0.700000 0.700000 0.700000 0.700000 0.700000 0.700000 0.700000 0.700000 0.700000 0.700000 0.700000 0.700000 0.700000 0.700000 0.700000 0.700000 0.700000 0.700000 0.700000 0.700000 0.700000 0.700000 0.700000 0.700000 0.700000 0.700000 0.700000 0.700000 0.700000 0.700000 0.700000 0.700000 0.700000 0.700000 0.700000 0.700000 0.700000 0.700000 0.700000 0.700000 0.700000 0.700000 0.700000 0.700000 0.700000 0.700000 0.700000 0.700000 0.700000 0.700000 0.700000 0.700000 0.700000 0.700000 0.700000 0.700000 0.700000 0.700000 0.700000 0.700000 0.700000 0.700000 0.700000 0.700000 0.700000 0.700000 0.700000 0.700000 0.700000 0.700000 0.700000 0.700000 0.700000 0.700000 0.700000 0.700000 0.700000 0.700000 0.700000 0.700000 0.700000 0.700000 0.700000 0.700000 0.700000 0.700000 0.700000 0.700000 0.700000 0.700000 0.700000 0.700000 0.700000 0.700000 0.700000 0.700000 0.700000 0.700000 0.700000 0.700000 0.700000 0.700000 0.700000 0.700000 0.700000 0.700000 0.700000 0.700000 0.700000 0.700000 0.700000 0.700000 0.700000 0.700000 0.700000 0.700000 0.700000 0.700000 0.700000 0.700000 0.700000 0.700000 0.700000 0.700000 0.700000 0.700000 0.700000 0.700000 0.700000 0.700000 0.700000 0.700000 0.700000 0.700000 0.700000 0.700000 0.700000 0.700000 0.700000 0.700000 0.700000 0.700000 0.700000 0.700000 0.700000 0.700000 0.700000 0.700000 0.700000 0.700000 0.700000 0.700000 0.700000 0.700000 0.700000 0.700000 0.700000 0.700000 0.700000 0.700000 0.700000 0.700000 0.700000 0.700000 0.700000 0.700000 0.700000 0.700000 0.700000 0.700000 0.700000 0.700000 0.700000 0.700000 0.700000 0.700000 0.700000 0.700000 0.700000 0.700000 0.700000 0.700000 0.700000 0.700000 0.700000 0.700000 0.700000 0.700000 0.700000 0.700000 0.700000 0.700000 0.700000 0.700000 0.700000 0.700000 0.700000 0.700000 0.700000 0.700000 0.700000 0.700000 0.700000 0.700000 0.700000 0.700000 0.700000 0.700000 0.700000 0.700000 0.700000 0.700000 0.700000 0.700000 0.700000 0.700000 0.700000 0.700000 0.700000 0.700000 0.700000 0.700000 0.700000 0.700000 0.700000 0.700000 0.700000 0.700000 0.700000 0.700000 0.700000 0.700000 0.700000 0.700000 0.700000 0.700000 0.700000 0.700000 0.700000 0.700000 0.700000 0.700000 0.700000 0.700000 0.700000 0.700000 0.700000 0.700000 0.700000 0.700000 0.700000 0.700000 0.700000 0.700000 0.700000 0.700000 0.700000 0.700000 0.700000 0.700000 0.700000 0.700000 0.700000 0.700000 0.700000 0.700000 0.700000 0.700000 0.700000 0.700000 0.700000 0.700000 0.700000 0.700000 0.700000 0.700000 0.700000 0.700000 0.700000 0.700000 0.700000 0.700000 0.700000 0.700000 0.700000 0.700000 0.700000 0.700000 0.700000 0.700000 0.700000 0.700000 0.700000 0.700000 0.700000 0.700000 0.700000 0.700000 0.700000 0.700000 0.700000 0.700000 0.700000 0.700000 0.700000 0.700000 0.700000 0.700000 0.700000 0.700000 0.700000 0.700000 0.700000 0.700000 0.700000 0.700000 0.700000 0.700000 0.700000 0.700000 0.700000 0.700000 0.700000 0.700000 0.700000 0.700000 0.700000 0.700000 0.700000 0.700000 0.700000 0.700000 0.700000 0.700000 0.700000 0.700000 0.700000 0.700000 0.700000 0.700000 0.700000 0.700000 0.700000 0.700000 0.700000 0.700000 0.700000 0.700000 0.700000 0.700000 0.700000 0.700000 0.700000 0.700000 0.700000 0.700000 0.700000 0.700000 0.700000 0.700000 0.700000 0.700000 0.700000 0.700000 0.700000 0.700000 0.700000 0.700000 0.700000 0.700000 0.700000 0.700000 0.700000 0.700000 0.700000 0.700000 0.700000 0.700000 0.700000 0.700000 0.700000 0.700000 0.700000 0.700000 0.700000 0.700000 0.700000 0.700000 0.700000 0.700000 0.700000 0.700000 0.700000 0.700000 0.700000 0.700000 0.700000 0.700000 0.700000 0.700000 0.700000 0.700000 0.700000 0.700000 0.700000 0.700000 0.700000 0.700000 0.700000 0.700000 0.700000 0.700000 0.700000 0.700000 0.700000 0.700000 0.700000 0.700000 0.700000 0.700000 0.700000 0.700000 0.700000 0.700000 0.700000 0.700000 0.700000 0.700000 0.700000 0.700000 0.700000 0.700000 0.700000 0.700000 0.700000 0.700000 0.700000 0.700000 0.700000 0.700000 0.700000 0.700000 0.700000 0.700000 0.700000 0.700000 0.700000 0.700000 0.700000 0.700000 0.700000 0.700000 0.700000 0.700000 0.700000 0.700000 0.700000 0.700000 0.700000 0.700000 0.700000 0.700000 0.700000 0.700000 0.700000 0.700000 0.700000 0.700000 0.700000 0.700000 0.700000 0.700000 0.700000 0.700000 0.700000 0.700000 0.700000 0.700000 0.700000 0.700000 0.700000 0.700000 0.700000 0.700000 0.700000 0.700000 0.700000 0.700000 0.700000 0.700000 0.700000 0.700000 0.700000 0.700000 0.700000 0.700000 0.700000 0.700000 0.700000 0.700000 0.700000 0.700000 0.700000 0.700000 0.700000 0.700000 0.700000 0.700000 0.700000 0.700000 0.700000 0.700000 0.700000 0.700000 0.700000 0.700000 0.700000 0.700000 0.700000 0.700000 0.700000 0.700000 0.700000 0.700000 0.700000 0.700000 0.700000 0.700000 0.700000 0.700000 0.700000 0.700000 0.700000 0.700000 0.700000 0.700000 0.700000 0.700000 0.700000 0.700000 0.700000 0.700000 0.700000 0.700000 0.700000 0.700000 0.700000 0.700000 0.700000 0.700000 0.700000 0.700000 0.700000 0.700000 0.700000 0.700000 0.700000 0.700000 0.700000 0.700000 0.700000 0.700000 0.700000 0.700000 0.700000 0.700000 0.700000 0.700000 0.700000 0.700000 0.700000 0.700000 0.700000 0.700000 0.700000 0.700000 0.700000 0.700000 0.700000 0.700000 0.700000 0.700000 0.700000 0.700000 0.700000 0.700000 0.700000 0.700000 0.700000 0.700000 0.700000 0.700000 0.700000 0.700000 0.700000 0.700000 0.700000 0.700000 0.700000 0.700000 0.700000 0.700000 0.700000 0.700000 0.700000 0.700000 0.700000 0.700000 0.700000 0.700000 0.700000 0.700000 0.700000 0.700000 0.700000 0.700000 0.700000 0.700000 0.700000 0.700000 0.700000 0.700000 0.700000 0.700000 0.700000 0.700000 0.700000 0.700000 0.700000 0.700000 0.700000 0.700000 0.700000 0.700000 0.700000 0.700000 0.700000 0.700000 0.700000 0.700000 0.700000 0.700000 0.700000 0.700000 0.700000 0.700000 0.700000 0.700000 0.700000 0.700000 0.700000 0.700000 0.700000 0.700000 0.700000 0.700000 0.700000 0.700000 0.700000 0.700000 0.700000 0.700000 0.700000 0.700000 0.700000 0.700000 0.700000 0.700000 0.700000 0.700000 0.700000 0.700000 0.700000 0.700000 0.700000 0.700000 0.700000 0.700000 0.700000 0.700000 0.700000 0.700000 0.700000 0.700000 0.700000 0.700000 0.700000 0.700000 0.700000 0.700000 0.700000 0.700000 0.700000 0.700000 0.700000 0.700000 0.700000 0.700000 0.700000 0.700000 0.700000 0.700000 0.700000 0.700000 0.700000 0.700000 0.700000 0.700000 0.700000 0.700000 0.700000 0.700000 0.700000 0.700000 0.700000 0.700000 0.700000 0.700000 0.700000 0.700000 0.700000 0.700000 0.700000 0.700000 0.700000 0.700000 0.700000 0.700000 0.700000 0.700000 0.700000 0.700000 0.700000 0.700000 0.700000 0.700000 0.700000 0.700000 0.700000 0.700000 0.700000 0.700000 0.700000 0.700000 0.700000 0.700000 0.700000 0.700000 0.700000 0.700000 0.700000 0.700000 0.700000 0.700000 0.700000 0.700000 0.700000 0.700000 0.700000 0.700000 0.700000 0.700000 0.700000 0.700000 0.700000 0.700000 0.700000 0.700000 0.700000 0.700000 0.700000 0.700000 0.700000 0.700000 0.700000 0.700000 0.700000 0.700000 0.700000 0.700000 0.700000 0.700000 0.700000 0.700000 0.700000 0.700000 0.700000 0.700000 0.700000 0.700000 0.700000 0.700000 0.700000 0.700000 0.700000 0.700000 0.700000 0.700000 0.700000 0.700000 0.700000 0.700000 0.700000 0.700000 0.700000 0.700000 0.700000 0.700000 0.700000 0.700000 0.700000 0.700000 0.700000 0.700000 0.700000 0.700000 0.700000 0.700000 0.700000 0.700000 0.700000 0.700000 0.700000 0.700000 0.700000 0.700000 0.700000 0.700000 0.700000 0.700000 0.700000 0.700000 0.700000 0.700000 0.700000 0.700000 0.700000 0.700000 0.700000 0.700000 0.700000 0.700000 0.700000 0.700000 0.700000 0.700000 0.700000 0.700000 0.700000 0.700000 0.700000 0.700000 0.700000 0.700000 0.700000 0.700000 0.700000 0.700000 0.700000 0.700000 0.700000 0.700000 0.700000 0.700000 0.700000 0.700000 0.700000 0.700000 0.700000 0.700000 0.700000 0.700000 0.700000 0.700000 0.700000 0.700000 0.700000 0.700000 0.700000 0.700000 0.700000 0.700000 0.700000 0.700000 0.700000 0.700000 0.700000 0.700000 0.700000 0.700000 0.700000 0.700000 0.700000 0.700000 0.700000 0.700000 0.700000 0.700000 0.700000 0.700000 0.700000 0.700000 0.700000 0.700000 0.700000 0.700000 0.700000 0.700000 0.700000 0.700000 0.700000 0.700000 0.700000 0.700000 0.700000 0.700000 0.700000 0.700000 0.700000 0.700000 0.700000 0.700000 0.700000 0.700000 0.700000 0.700000 0.700000 0.700000 0.700000 0.700000 0.700000 0.700000 0.700000 0.700000 0.700000 0.700000 0.700000 0.700000 0.700000 0.700000 0.700000 0.700000 0.700000 0.700000 0.700000 0.700000 0.700000 0.700000 0.700000 0.700000 0.700000 0.700000 0.700000 0.700000 0.700000 0.700000 0.700000 0.700000 0.700000 0.700000 0.700000 0.700000 0.700000 0.700000 0.700000 0.700000 0.700000 0.700000 0.700000 0.700000 0.700000 0.700000 0.700000 0.700000 0.700000 0.700000 0.700000 0.700000 0.700000 0.700000 0.700000 0.700000 0.700000 0.700000 0.700000 0.700000 0.700000 0.700000 0.700000 0.700000 0.700000 0.700000 0.700000 0.700000 0.700000 0.700000 0.700000 0.700000 0.700000 0.700000 0.700000 0.700000 0.700000 0.700000 0.700000 0.700000 0.700000 0.700000 0.700000 0.700000 0.700000 0.700000 0.700000 0.700000 0.700000 0.700000 0.700000 0.700000 0.700000 0.700000 0.700000 0.700000 0.700000 0.700000 0.700000 0.700000 0.700000 0.700000 0.700000 0.700000 0.700000 0.700000 0.700000 0.700000 0.700000 0.700000 0.700000 0.700000 0.700000 0.700000 0.700000 0.700000 0.700000 0.700000 0.700000 0.700000 0.700000 0.700000 0.700000 0.700000 0.700000 0.700000 0.700000 0.700000 0.700000 0.700000 0.700000 0.700000 0.700000 0.700000 0.700000 0.700000 0.700000 0.700000 0.700000 0.700000 0.700000 0.700000 0.700000 0.700000 0.700000 0.700000 0.700000 0.700000 0.700000 0.700000 0.700000 0.700000 0.700000 0.700000 0.700000 0.700000 0.700000 0.700000 0.700000 0.700000 0.700000 0.700000 0.700000 0.700000 0.700000 0.700000 0.700000 0.700000 0.700000 0.700000 0.700000 0.700000 0.700000 0.700000 0.700000 0.700000 0.700000 0.700000 0.700000 0.700000 0.700000 0.700000 0.700000 0.700000 0.700000 0.700000 0.700000 0.700000 0.700000 0.700000 0.700000 0.700000 0.700000 0.700000 0.700000 0.700000 0.700000 0.700000 0.700000 0.700000 0.700000 0.700000 0.700000 0.700000 0.700000 0.700000 0.700000 0.700000 0.700000 0.700000 0.700000 0.700000 0.700000 0.700000 0.700000 0.700000 0.700000 0.700000 0.700000 0.700000 0.700000 0.700000 0.700000 0.700000 0.700000 0.700000 0.700000 0.700000 0.700000 0.700000 0.700000 0.700000 0.700000 0.700000 0.700000 0.700000 0.700000 0.700000 0.700000 0.700000 0.700000 0.700000 0.700000 0.700000 0.700000 0.700000 0.700000 0.700000 0.700000 0.700000 0.700000 0.700000 0.700000 0.700000 0.700000 0.700000 0.700000 0.700000 0.700000 0.700000 0.700000 0.700000 0.700000 0.700000 0.700000 0.700000 0.700000 0.700000 0.700000 0.700000 0.700000 0.700000 0.700000 0.700000 0.700000 0.700000 0.700000 0.700000 0.700000 0.700000 0.700000 0.700000 0.700000 0.700000 0.700000 0.700000 0.700000 0.700000 0.700000 0.700000 0.700000 0.700000 0.700000 0.700000 0.700000 0.700000 0.700000 0.700000 0.700000 0.700000 0.700000 0.700000 0.700000 0.700000 0.700000 0.700000 0.700000 0.700000 0.700000 0.700000 0.700000 0.700000 0.700000 0.700000 0.700000 0.700000 0.700000 0.700000 0.700000 0.700000 0.700000 0.700000 0.700000 0.700000 0.700000 0.700000 0.700000 0.700000 0.700000 0.700000 0.700000 0.700000 0.700000 0.700000 0.700000 0.700000 0.700000 0.700000 0.700000 0.700000 0.700000 0.700000 0.700000 0.700000 0.700000 0.700000 0.700000 0.700000 0.700000 0.700000 0.700000 0.700000 0.700000 0.700000 0.700000 0.700000 0.700000 0.700000 0.700000 0.700000 0.700000 0.700000 0.700000 0.700000 0.700000 0.700000 0.700000 0.700000 0.700000 0.700000 0.700000 0.700000 0.700000 0.700000 0.700000 0.700000 0.700000 0.700000 0.700000 0.700000 0.700000 0.700000 0.700000 0.700000 0.700000 0.700000 0.700000 0.700000 0.700000 0.700000 0.700000 0.700000 0.700000 0.700000 0.700000 0.700000 0.700000 0.700000 0.700000 0.700000 0.700000 0.700000 0.700000 0.700000 0.700000 0.700000 0.700000 0.700000 0.700000 0.700000 0.700000 0.700000 0.700000 0.700000 0.700000 0.700000 0.700000 0.700000 0.700000 0.700000 0.700000 0.700000 0.700000 0.700000 0.700000 0.700000 0.700000 0.700000 0.700000 0.700000 0.700000 0.700000 0.700000 0.700000 0.700000 0.700000 0.700000 0.700000 0.700000 0.700000 0.700000 0.700000 0.700000 0.700000 0.700000 0.700000 0.700000 0.700000 0.700000 0.700000 0.700000 0.700000 0.700000 0.700000 0.700000 0.700000 0.700000 0.700000 0.700000 0.700000 0.700000 0.700000 0.700000 0.700000 0.700000 0.700000 0.700000 0.700000 0.700000 0.700000 0.700000 0.700000 0.700000 0.700000 0.700000 0.700000 0.700000 0.700000 0.700000 0.700000 0.700000 0.700000 0.700000 0.700000 0.700000 0.700000 0.700000 0.700000 0.700000 0.700000 0.700000 0.700000 0.700000 0.700000 0.700000 0.700000 0.700000 0.700000 0.700000 0.700000 0.700000 0.700000 0.700000 0.700000 0.700000 0.700000 0.700000 0.700000 0.700000 0.700000 0.700000 0.700000 0.700000 0.700000 0.700000 0.700000 0.700000 0.700000 0.700000 0.700000 0.700000 0.700000 0.700000 0.700000 0.700000 0.700000 0.700000 0.700000 0.700000 0.700000 0.700000 0.700000 0.700000 0.700000 0.700000 0.700000 0.700000 0.700000 0.700000 0.700000 0.700000 0.700000 0.700000 0.700000 0.700000 0.700000 0.700000 0.700000 0.700000 0.700000 0.700000 0.700000 0.700000 0.700000 0.700000 0.700000 0.700000 0.700000 0.700000 0.700000 0.700000 0.700000 0.700000 0.700000 0.700000 0.700000 0.700000 0.700000 0.700000 0.700000 0.700000 0.700000 0.700000 0.700000 0.700000 0.700000 0.700000 0.700000 0.700000 0.700000 0.700000 0.700000 0.700000 0.700000 0.700000 0.700000 0.700000 0.700000 0.700000 0.700000 0.700000 0.700000 0.700000 0.700000 0.700000 0.700000 0.700000 0.700000 0.700000 0.700000 0.700000 0.700000 0.700000 0.700000 0.700000 0.700000 0.700000 0.700000 0.700000 0.700000 0.700000 0.700000 0.700000 0.700000 0.700000 0.700000 0.700000 0.700000 0.700000 0.700000 0.700000 0.700000 0.700000 0.700000 0.700000 0.700000 0.700000 0.700000 0.700000 0.700000 0.700000 0.700000 0.700000 0.700000 0.700000 0.700000 0.700000 0.700000 0.700000 0.700000 0.700000 0.700000 0.700000 0.700000 0.700000 0.700000 0.700000 0.700000 0.700000 0.700000 0.700000 0.700000 0.700000 0.700000 0.700000 0.700000 0.700000 0.700000 0.700000 0.700000 0.700000 0.700000 0.700000 0.700000 0.700000 0.700000 0.700000 0.700000 0.700000 0.700000 0.700000 0.700000 0.700000 0.700000 0.700000 0.700000 0.700000 0.700000 0.700000 0.700000 0.700000 0.700000 0.700000 0.700000 0.700000 0.700000 0.700000 0.700000 0.700000 0.700000 0.700000 0.700000 0.700000 0.700000 0.700000 0.700000 0.700000 0.700000 0.700000 0.700000 0.700000 0.700000 0.700000 0.700000 0.700000 0.700000 0.700000 0.700000 0.700000 0.700000 0.700000 0.700000 0.700000 0.700000 0.700000 0.700000 0.700000 0.700000 0.700000 0.700000 0.700000 0.700000 0.700000 0.700000 0.700000 0.700000 0.700000 0.700000 0.700000 0.700000 0.700000 0.700000 0.700000 0.700000 0.700000 0.700000 0.700000 0.700000 0.700000 0.700000 0.700000 0.700000 0.700000 0.700000 0.700000 0.700000 0.700000 0.700000 0.700000 0.700000 0.700000 0.700000 0.700000 0.700000 0.700000 0.700000 0.700000 0.700000 0.700000 0.700000 0.700000 0.700000 0.700000 0.700000 0.700000 0.700000 0.700000 0.700000 0.700000 0.700000 0.700000 0.700000 0.700000 0.700000 0.700000 0.700000 0.700000 0.700000 0.700000 0.700000 0.700000 0.700000 0.700000 0.700000 0.700000 0.700000 0.700000 0.700000 0.700000 0.700000 0.700000 0.700000 0.700000 0.700000 0.700000 0.700000 0.700000 0.700000 0.700000 0.700000 0.700000 0.700000 0.700000 0.700000 0.700000 0.700000 0.700000 0.700000 0.700000 0.700000 0.700000 0.700000 0.700000 0.700000 0.700000 0.700000 0.700000 0.700000 0.700000 0.700000 0.700000 0.700000 0.700000 0.700000 0.700000 0.700000 0.700000 0.700000 0.700000 0.700000 0.700000 0.700000 0.700000 0.700000 0.700000 0.700000 0.700000 0.700000 0.700000 0.700000 0.700000 0.700000 0.700000 0.700000 0.700000 0.700000 0.700000 0.700000 0.700000 0.700000 0.700000 0.700000 0.700000 0.700000 0.700000 0.700000 0.700000 0.700000 0.700000 0.700000 0.700000 0.700000 0.700000 0.700000 0.700000 0.700000 0.700000 0.700000 0.700000 0.700000 0.700000 0.700000 0.700000 0.700000 0.700000 0.700000 0.700000 0.700000 0.700000 0.700000 0.700000 0.700000 0.700000 0.700000 0.700000 0.700000 0.700000 0.700000 0.700000 0.700000 0.700000 0.700000 0.700000 0.700000 0.700000 0.700000 0.700000 0.700000 0.700000 0.700000 0.700000 0.700000 0.700000 0.700000 0.700000 0.700000 0.700000 0.700000 0.700000 0.700000 0.700000 0.700000 0.700000 0.700000 0.700000 0.700000 0.700000 0.700000 0.700000 0.700000 0.700000 0.700000 0.700000 0.700000 0.700000 0.700000 0.700000 0.700000 0.700000 0.700000 0.700000 0.700000 0.700000 0.700000 0.700000 0.700000 0.700000 0.700000 0.700000 0.700000 0.700000 0.700000 0.700000 0.700000 0.700000 0.700000 0.700000 0.700000 0.700000 0.700000 0.700000 0.700000 0.700000 0.700000 0.700000 0.700000 0.700000 0.700000 0.700000 0.700000 0.700000 0.700000 0.700000 0.700000 0.700000 0.700000 0.700000 0.700000 0.700000 0.700000 0.700000 0.700000 0.700000 0.700000 0.700000 0.700000 0.700000 0.700000 0.700000 0.700000 0.700000 0.700000 0.700000 0.700000 0.700000 0.700000 0.700000 0.700000 0.700000 0.700000 0.700000 0.700000 0.700000 0.700000 0.700000 0.700000 0.700000 0.700000 0.700000 0.700000 0.700000 0.700000 0.700000 0.700000 0.700000 0.700000 0.700000 0.700000 0.700000 0.700000 0.700000 0.700000 0.700000 0.700000 0.700000 0.700000 0.700000 0.700000 0.700000 0.700000 0.700000 0.700000 0.700000 0.700000 0.700000 0.700000 0.700000 0.700000 0.700000 0.700000 0.700000 0.700000 0.700000 0.700000 0.700000 0.700000 0.700000 0.700000 0.700000 0.700000 0.700000 0.700000 0.700000 0.700000 0.700000 0.700000 0.700000 0.700000 0.700000 0.700000 0.700000 0.700000 0.700000 0.700000 0.700000 0.700000 0.700000 0.700000 0.700000 0.700000 0.700000 0.700000 0.700000 0.700000 0.700000 0.700000 0.700000 0.700000 0.700000 0.700000 0.700000 0.700000 0.700000 0.700000 0.700000 0.700000 0.700000 0.700000 0.700000 0.700000 0.700000 0.700000 0.700000 0.700000 0.700000 0.700000 0.700000 0.700000 0.700000 0.700000 0.700000 0.700000 0.700000 0.700000 0.700000 0.700000 0.700000 0.700000 0.700000 0.700000 0.700000 0.700000 0.700000 0.700000 0.700000 0.700000 0.700000 0.700000 0.700000 0.700000 0.700000 0.700000 0.700000 0.700000 0.700000 0.700000 0.700000 0.700000 0.700000 0.700000 0.700000 0.700000 0.700000 0.700000 0.700000 0.700000 0.700000 0.700000 0.700000 0.700000 0.700000 0.700000 0.700000 0.700000 0.700000 0.700000 0.700000 0.700000 0.700000 0.700000 0.700000 0.700000 0.700000 0.700000 0.700000 0.700000 0.700000 0.700000 0.700000 0.700000 0.700000 0.700000 0.700000 0.700000 0.700000 0.700000 0.700000 0.700000 0.700000 0.700000 0.700000 0.700000 0.700000 0.700000 0.700000 0.700000 0.700000 0.700000 0.700000 0.700000 0.700000 0.700000 0.700000 0.700000 0.700000 0.700000 0.700000 0.700000 0.700000 0.700000 0.700000 0.700000 0.700000 0.700000 0.700000 0.700000 0.700000 0.700000 0.700000 0.700000 0.700000 0.700000 0.700000 0.700000 0.700000 0.700000 0.700000 0.700000 0.700000 0.700000 0.700000 0.700000 0.700000 0.700000 0.700000 0.700000 0.700000 0.700000 0.700000 0.700000 0.700000 0.700000 0.700000 0.700000 0.700000 0.700000 0.700000 0.700000 0.700000 0.700000 0.700000 0.700000 0.700000 0.700000 0.700000 0.700000 0.700000 0.700000 0.700000 0.700000 0.700000 0.700000 0.700000 0.700000 0.700000 0.700000 0.700000 0.700000 0.700000 0.700000 0.700000 0.700000 0.700000 0.700000 0.700000 0.700000 0.700000 0.700000 0.700000 0.700000 0.700000 0.700000 0.700000 0.700000 0.700000 0.700000 0.700000 0.700000 0.700000 0.700000 0.700000 0.700000 0.700000 0.700000 0.700000 0.700000 0.700000 0.700000 0.700000 0.700000 0.700000 0.700000 0.700000 0.700000 0.700000 0.700000 0.700000 0.700000 0.700000 0.700000 0.700000 0.700000 0.700000 0.700000 0.700000 0.700000 0.700000 0.700000 0.700000 0.700000 0.700000 0.700000 0.700000 0.700000 0.700000 0.700000 0.700000 0.700000 0.700000 0.700000 0.700000 0.700000 0.700000 0.700000 0.700000 0.700000 0.700000 0.700000 0.700000 0.700000 0.700000 0.700000 0.700000 0.700000 0.700000 0.700000 0.700000 0.700000 0.700000 0.700000 0.700000 0.700000 0.700000 0.700000 0.700000 0.700000 0.700000 0.700000 0.700000 0.700000 0.700000 0.700000 0.700000 0.700000 0.700000 0.700000 0.700000 0.700000 0.700000 0.700000 0.700000 0.700000 0.700000 0.700000 0.700000 0.700000 0.700000 0.700000 0.700000 0.700000 0.700000 0.700000 0.700000 0.700000 0.700000 0.700000 0.700000 0.700000 0.700000 0.700000 0.700000 0.700000 0.700000 0.700000 0.700000 0.700000 0.700000 0.700000 0.700000 0.700000 0.700000 0.700000 0.700000 0.700000 0.700000 0.700000 0.700000 0.700000 0.700000 0.700000 0.700000 0.700000 0.700000 0.700000 0.700000 0.700000 0.700000 0.700000 0.700000 0.700000 0.700000 0.700000 0.700000 0.700000 0.700000 0.700000 0.700000 0.700000 0.700000 0.700000 0.700000 0.700000 0.700000 0.700000 0.700000 0.700000 0.700000 0.700000 0.700000 0.700000 0.700000 0.700000 0.700000 0.700000 0.700000 0.700000 0.700000 0.700000 0.700000 0.700000 0.700000 0.700000 0.700000 0.700000 0.700000 0.700000 0.700000 0.700000 0.700000 0.700000 0.700000 0.700000 0.700000 0.700000 0.700000 0.700000 0.700000 0.700000 0.700000 0.700000 0.700000 0.700000 0.700000 0.700000 0.700000 0.700000 0.700000 0.700000 0.700000 0.700000 0.700000 0.700000 0.700000 0.700000 0.700000 0.700000 0.700000 0.700000 0.700000 0.700000 0.700000 0.700000 0.700000 0.700000 0.700000 0.700000 0.700000 0.700000 0.700000 0.700000 0.700000 0.700000 0.700000 0.700000 0.700000 0.700000 0.700000 0.700000 0.700000 0.700000 0.700000 0.700000 0.700000 0.700000 0.700000 0.700000 0.700000 0.700000 0.700000 0.700000 0.700000 0.700000 0.700000 0.700000 0.700000 0.700000 0.700000 0.700000 0.700000 0.700000 0.700000 0.700000 0.700000 0.700000 0.700000 0.700000 0.700000 0.700000 0.700000 0.700000 0.700000 0.700000 0.700000 0.700000 0.700000 0.700000 0.700000 0.700000 0.700000 0.700000 0.700000 0.700000 0.700000 0.700000 0.700000 0.700000 0.700000 0.700000 0.700000 0.700000 0.700000 0.700000 0.700000 0.700000 0.700000 0.700000 0.700000 0.700000 0.700000 0.700000 0.700000 0.700000 0.700000 0.700000 0.700000 0.700000 0.700000 0.700000 0.700000 0.700000 0.700000 0.700000 0.700000 0.700000 0.700000 0.700000 0.700000 0.700000 0.700000 0.700000 0.700000 0.700000 0.700000 0.700000 0.700000 0.700000 0.700000 0.700000 0.700000 0.700000 0.700000 0.700000 0.700000 0.700000 0.700000 0.700000 0.700000 0.700000 0.700000 0.700000 0.700000 0.700000 0.700000 0.700000 0.700000 0.700000 0.700000 0.700000 0.700000 0.700000 0.700000 0.700000 0.700000 0.700000 0.700000 0.700000 0.700000 0.700000 0.700000 0.700000 0.700000 0.700000 0.700000 0.700000 0.700000 0.700000 0.700000 0.700000 0.700000 0.700000 0.700000 0.700000 0.700000 0.700000 0.700000 0.700000 0.700000 0.700000 0.700000 0.700000 0.700000 0.700000 0.700000 0.700000 0.700000 0.700000 0.700000 0.700000 0.700000 0.700000 0.700000 0.700000 0.700000 0.700000 0.700000 0.700000 0.700000 0.700000 0.700000 0.700000 0.700000 0.700000 0.700000 0.700000 0.700000 0.700000 0.700000 0.700000 0.700000 0.700000 0.700000 0.700000 0.700000 0.700000 0.700000 0.700000 0.700000 0.700000 0.700000 0.700000 0.700000 0.700000 0.700000 0.700000 0.700000 0.700000 0.700000 0.700000 0.700000 0.700000 0.700000 0.700000 0.700000 0.700000 0.700000 0.700000 0.700000 0.700000 0.700000 0.700000 0.700000 0.700000 0.700000 0.700000 0.700000 0.700000 0.700000 0.700000 0.700000 0.700000 0.700000 0.700000 0.700000 0.700000 0.700000 0.700000 0.700000 0.700000 0.700000 0.700000 0.700000 0.700000 0.700000 0.700000 0.700000 0.700000 0.700000 0.700000 0.700000 0.700000 0.700000 0.700000 0.700000 0.700000 0.700000 0.700000 0.700000 0.700000 0.700000 0.700000 0.700000 0.700000 0.700000 0.700000 0.700000 0.700000 0.700000 0.700000 0.700000 0.700000 0.700000 0.700000 0.700000 0.700000 0.700000 0.700000 0.700000 0.700000 0.700000 0.700000 0.700000 0.700000 0.700000 0.700000 0.700000 0.700000 0.700000 0.700000 0.700000 0.700000 0.700000 0.700000 0.700000 0.700000 0.700000 0.700000 0.700000 0.700000 0.700000 0.700000 0.700000 0.700000 0.700000 0.700000 0.700000 0.700000 0.700000 0.700000 0.700000 0.700000 0.700000 0.700000 0.700000 0.700000 0.700000 0.700000 0.700000 0.700000 0.700000 0.700000 0.700000 0.700000 0.700000 0.700000 0.700000 0.700000 0.700000 0.700000 0.700000 0.700000 0.700000 0.700000 0.700000 0.700000 0.700000 0.700000 0.700000 0.700000 0.700000 0.700000 0.700000 0.700000 0.700000 0.700000 0.700000 0.700000 0.700000 0.700000 0.700000 0.700000 0.700000 0.700000 0.700000 0.700000 0.700000 0.700000 0.700000 0.700000 0.700000 0.700000 0.700000 0.700000 0.700000 0.700000 0.700000 0.700000 0.700000 0.700000 0.700000 0.700000 0.700000 0.700000 0.700000 0.700000 0.700000 0.700000 0.700000 0.700000 0.700000 0.700000 0.700000 0.700000 0.700000 0.700000 0.700000 0.700000 0.700000 0.700000 0.700000 0.700000 0.700000 0.700000 0.700000 0.700000 0.700000 0.700000 0.700000 0.700000 0.700000 0.700000 0.700000 0.700000 0.700000 0.700000 0.700000 0.700000 0.700000 0.700000 0.700000 0.700000 0.700000 0.700000 0.700000 0.700000 0.700000 0.700000 0.700000 0.700000 0.700000 0.700000 0.700000 0.700000 0.700000 0.700000 0.700000 0.700000 0.700000 0.700000 0.700000 0.700000 0.700000 0.700000 0.700000 0.700000 0.700000 0.700000 0.700000 0.700000 0.700000 0.700000 0.700000 0.700000 0.700000 0.700000 0.700000 0.700000 0.700000 0.700000 0.700000 0.700000 0.700000 0.700000 0.700000 0.700000 0.700000 0.700000 0.700000 0.700000 0.700000 0.700000 0.700000 0.700000 0.700000 0.700000 0.700000 0.700000 0.700000 0.700000 0.700000 0.700000 0.700000 0.700000 0.700000 0.700000 0.700000 0.700000 0.700000 0.700000 0.700000 0.700000 0.700000 0.700000 0.700000 0.700000 0.700000 0.700000 0.700000 0.700000 0.700000 0.700000 0.700000 0.700000 0.700000 0.700000 0.700000 0.700000 0.700000 0.700000 0.700000 0.700000 0.700000 0.700000 0.700000 0.700000 0.700000 0.700000 0.700000 0.700000 0.700000 0.700000 0.700000 0.700000 0.700000 0.700000 0.700000 0.700000 0.700000 0.700000 0.700000 0.700000 0.700000 0.700000 0.700000 0.700000 0.700000 0.700000 0.700000 0.700000 0.700000 0.700000 0.700000 0.700000 0.700000 0.700000 0.700000 0.700000 0.700000 0.700000 0.700000 0.700000 0.700000 0.700000 0.700000 0.700000 0.700000 0.700000 0.700000 0.700000 0.700000 0.700000 0.700000 0.700000 0.700000 0.700000 0.700000 0.700000 0.700000 0.700000 0.700000 0.700000 0.700000 0.700000 0.700000 0.700000 0.700000 0.700000 0.700000 0.700000 0.700000 0.700000 0.700000 0.700000 0.700000 0.700000 0.700000 0.700000 0.700000 0.700000 0.700000 0.700000 0.700000 0.700000 0.700000 0.700000 0.700000 0.700000 0.700000 0.700000 0.700000 0.700000 0.700000 0.700000 0.700000 0.700000 0.700000 0.700000 0.700000 0.700000 0.700000 0.700000 0.700000 0.700000 0.700000 0.700000 0.700000 0.700000 0.700000 0.700000 0.700000 0.700000 0.700000 0.700000 0.700000 0.700000 0.700000 0.700000 0.700000 0.700000 0.700000 0.700000 0.700000 0.700000 0.700000 0.700000 0.700000 0.700000 0.700000 0.700000 0.700000 0.700000 0.700000 0.700000 0.700000 0.700000 0.700000 0.700000 0.700000 0.700000 0.700000 0.700000 0.700000 0.700000 0.700000 0.700000 0.700000 0.700000 0.700000 0.700000 0.700000 0.700000 0.700000 0.700000 0.700000 0.700000 0.700000 0.700000 0.700000 0.700000 0.700000 0.700000 0.700000 0.700000 0.700000 0.700000 0.700000 0.700000 0.700000 0.700000 0.700000 0.700000 0.700000 0.700000 0.700000 0.700000 0.700000 0.700000 0.700000 0.700000 0.700000 0.700000 0.700000 0.700000 0.700000 0.700000 0.700000 0.700000 0.700000 0.700000 0.700000 0.700000 0.700000 0.700000 0.700000 0.700000 0.700000 0.700000 0.700000 0.700000 0.700000 0.700000 0.700000 0.700000 0.700000 0.700000 0.700000 0.700000 0.700000 0.700000 0.700000 0.700000 0.700000 0.700000 0.700000 0.700000 0.700000 0.700000 0.700000 0.700000 0.700000 0.700000 0.700000 0.700000 0.700000 0.700000 0.700000 0.700000 0.700000 0.700000 0.700000 0.700000 0.700000 0.700000 0.700000 0.700000 0.700000 0.700000 0.700000 0.700000 0.700000 0.700000 0.700000 0.700000 0.700000 0.700000 0.700000 0.700000 0.700000 0.700000 0.700000 0.700000 0.700000 0.700000 0.700000 0.700000 0.700000 0.700000 0.700000 0.700000 0.700000 0.700000 0.700000 0.700000 0.700000 0.700000 0.700000 0.700000 0.700000 0.700000 0.700000 0.700000 0.700000 0.700000 0.700000 0.700000 0.700000 0.700000 0.700000 0.700000 0.700000 0.700000 0.700000 0.700000 0.700000 0.700000 0.700000 0.700000 0.700000 0.700000 0.700000 0.700000 0.700000 0.700000 0.700000 0.700000 0.700000 0.700000 0.700000 0.700000 0.700000 0.700000 0.700000 0.700000 0.700000 0.700000 0.700000 0.700000 0.700000 0.700000 0.700000 0.700000 0.700000 0.700000 0.700000 0.700000 0.700000 0.700000 0.700000 0.700000 0.700000 0.700000 0.700000 0.700000 0.700000 0.700000 0.700000 0.700000 0.700000 0.700000 0.700000 0.700000 0.700000 0.700000 0.700000 0.700000 0.700000 0.700000 0.700000 0.700000 0.700000 0.700000 0.700000 0.700000 0.700000 0.700000 0.700000 0.700000 0.700000 0.700000 0.700000 0.700000 0.700000 0.700000 0.700000 0.700000 0.700000 0.700000 0.700000 0.700000 0.700000 0.700000 0.700000 0.700000 0.700000 0.700000 0.700000 0.700000 0.700000 0.700000 0.700000 0.700000 0.700000 0.700000 0.700000 0.700000 0.700000 0.700000 0.700000 0.700000 0.700000 0.700000 0.700000 0.700000 0.700000 0.700000 0.700000 0.700000 0.700000 0.700000 0.700000 0.700000 0.700000 0.700000 0.700000 0.700000 0.700000 0.700000 0.700000 0.700000 0.700000 0.700000 0.700000 0.700000 0.700000 0.700000 0.700000 0.700000 0.700000 0.700000 0.700000 0.700000 0.700000 0.700000 0.700000 0.700000 0.700000 0.700000 0.700000 0.700000 0.700000 0.700000 0.700000 0.700000 0.700000 0.700000 0.700000 0.700000 0.700000 0.700000 0.700000 0.700000 0.700000 0.700000 0.700000 0.700000 0.700000 0.700000 0.700000 0.700000 0.700000 0.700000 0.700000 0.700000 0.700000 0.700000 0.700000 0.700000 0.700000 0.700000 0.700000 0.700000 0.700000 0.700000 0.700000 0.700000 0.700000 0.700000 0.700000 0.700000 0.700000 0.700000 0.700000 0.700000 0.700000 0.700000 0.700000 0.700000 0.700000 0.700000 0.700000 0.700000 0.700000 0.700000 0.700000 0.700000 0.700000 0.700000 0.700000 0.700000 0.700000 0.700000 0.700000 0.700000 0.700000 0.700000 0.700000 0.700000 0.700000 0.700000 0.700000 0.700000 0.700000 0.700000 0.700000 0.700000 0.700000 0.700000 0.700000 0.700000 0.700000 0.700000 0.700000 0.700000 0.700000 0.700000 0.700000 0.700000 0.700000 0.700000 0.700000 0.700000 0.700000 0.700000 0.700000 0.700000 0.700000 0.700000 0.700000 0.700000 0.700000 0.700000 0.700000 0.700000 0.700000 0.700000 0.700000 0.700000 0.700000 0.700000 0.700000 0.700000 0.700000 0.700000 0.700000 0.700000 0.700000 0.700000 0.700000 0.700000 0.700000 0.700000 0.700000 0.700000 0.700000 0.700000 0.700000 0.700000 0.700000 0.700000 0.700000 0.700000 0.700000 0.700000 0.700000 0.700000 0.700000 0.700000 0.700000 0.700000 0.700000 0.700000 0.700000 0.700000 0.700000 0.700000 0.700000 0.700000 0.700000 0.700000 0.700000 0.700000 0.700000 0.700000 0.700000 0.700000 0.700000 0.700000 0.700000 0.700000 0.700000 0.700000 0.700000 0.700000 0.700000 0.700000 0.700000 0.700000 0.700000 0.700000 0.700000 0.700000 0.700000 0.700000 0.700000 0.700000 0.700000 0.700000 0.700000 0.700000 0.700000 0.700000 0.700000 0.700000 0.700000 0.700000 0.700000 0.700000 0.700000 0.700000 0.700000 0.700000 0.700000 0.700000 0.700000 0.700000 0.700000 0.700000 0.700000 0.700000 0.700000 0.700000 0.700000 0.700000 0.700000 0.700000 0.700000 0.700000 0.700000 0.700000 0.700000 0.700000 0.700000 0.700000 0.700000 0.700000 0.700000 0.700000 0.700000 0.700000 0.700000 0.700000 0.700000 0.700000 0.700000 0.700000 0.700000 0.700000 0.700000 0.700000 0.700000 0.700000 0.700000 0.700000 0.700000 0.700000 0.700000 0.700000 0.700000 0.700000 0.700000 0.700000 0.700000 0.700000 0.700000 0.700000 0.700000 0.700000 0.700000 0.700000 0.700000 0.700000 0.700000 0.700000 0.700000 0.700000 0.700000 0.700000 0.700000 0.700000 0.700000 0.700000 0.700000 0.700000 0.700000 0.700000 0.700000 0.700000 0.700000 0.700000 0.700000 0.700000 0.700000 0.700000 0.700000 0.700000 0.700000 0.700000 0.700000 0.700000 0.700000 0.700000 0.700000 0.700000 0.700000 0.700000 0.700000 0.700000 0.700000 0.700000 0.700000 0.700000 0.700000 0.700000 0.700000 0.700000 0.700000 0.700000 0.700000 0.700000 0.700000 0.700000 0.700000 0.700000 0.700000 0.700000 0.700000 0.700000 0.700000 0.700000 0.700000 0.700000 0.700000 0.700000 0.700000 0.700000 0.700000 0.700000 0.700000 0.700000 0.700000 0.700000 0.700000 0.700000 0.700000 0.700000 0.700000 0.700000 0.700000 0.700000 0.700000 0.700000 0.700000 0.700000 0.700000 0.700000 0.700000 0.700000 0.700000 0.700000 0.700000 0.700000 0.700000 0.700000 0.700000 0.700000 0.700000 0.700000 0.700000 0.700000 0.700000 0.700000 0.700000 0.700000 0.700000 0.700000 0.700000 0.700000 0.700000 0.700000 0.700000 0.700000 0.700000 0.700000 0.700000 0.700000 0.700000 0.700000 0.700000 0.700000 0.700000 0.700000 0.700000 0.700000 0.700000 0.700000 0.700000 0.700000 0.700000 0.700000 0.700000 0.700000 0.700000 0.700000 0.700000 0.700000 0.700000 0.700000 0.700000 0.700000 0.700000 0.700000 0.700000 0.700000 0.700000 0.700000 0.700000 0.700000 0.700000 0.700000 0.700000 0.700000 0.700000 0.700000 0.700000 0.700000 0.700000 0.700000 0.700000 0.700000 0.700000 0.700000 0.700000 0.700000 0.700000 0.700000 0.700000 0.700000 0.700000 0.700000 0.700000 0.700000 0.700000 0.700000 0.700000 0.700000 0.700000 0.700000 0.700000 0.700000 0.700000 0.700000 0.700000 0.700000 0.700000 0.700000 0.700000 0.700000 0.700000 0.700000 0.700000 0.700000 0.700000 0.700000 0.700000 0.700000 0.700000 0.700000 0.700000 0.700000 0.700000 0.700000 0.700000 0.700000 0.700000 0.700000 0.700000 0.700000 0.700000 0.700000 0.700000 0.700000 0.700000 0.700000 0.700000 0.700000 0.700000 0.700000 0.700000 0.700000 0.700000 0.700000 0.700000 0.700000 0.700000 0.700000 0.700000 0.700000 0.700000 0.700000 0.700000 0.700000 0.700000 0.700000 0.700000 0.700000 0.700000 0.700000 0.700000 0.700000 0.700000 0.700000 0.700000 0.700000 0.700000 0.700000 0.700000 0.700000 0.700000 0.700000 0.700000 0.700000 0.700000 0.700000 0.700000 0.700000 0.700000 0.700000 0.700000 0.700000 0.700000 0.700000 0.700000 0.700000 0.700000 0.700000 0.700000 0.700000 0.700000 0.700000 0.700000 0.700000 0.700000 0.700000 0.700000 0.700000 0.700000 0.700000 0.700000 0.700000 0.700000 0.700000 0.700000 0.700000 0.700000 0.700000 0.700000 0.700000 0.700000 0.700000 0.700000 0.700000 0.700000 0.700000 0.700000 0.700000 0.700000 0.700000 0.700000 0.700000 0.700000 0.700000 0.700000 0.700000 0.700000 0.700000 0.700000 0.700000 0.700000 0.700000 0.700000 0.700000 0.700000 0.700000 0.700000 0.700000 0.700000 0.700000 0.700000 0.700000 0.700000 0.700000 0.700000 0.700000 0.700000 0.700000 0.700000 0.700000 0.700000 0.700000 0.700000 0.700000 0.700000 0.700000 0.700000 0.700000 0.700000 0.700000 0.700000 0.700000 0.700000 0.700000 0.700000 0.700000 0.700000 0.700000 0.700000 0.700000 0.700000 0.700000 0.700000 0.700000 0.700000 0.700000 0.700000 0.700000 0.700000 0.700000 0.700000 0.700000 0.700000 0.700000 0.700000 0.700000 0.700000 0.700000 0.700000 0.700000 0.700000 0.700000 0.700000 0.700000 0.700000 0.700000 0.700000 0.700000 0.700000 0.700000 0.700000 0.700000 0.700000 0.700000 0.700000 0.700000 0.700000 0.700000 0.700000 0.700000 0.700000 0.700000 0.700000 0.700000 0.700000 0.700000 0.700000 0.700000 0.700000 0.700000 0.700000 0.700000 0.700000 0.700000 0.700000 0.700000 0.700000 0.700000 0.700000 0.700000 0.700000 0.700000 0.700000 0.700000 0.700000 0.700000 0.700000 0.700000 0.700000 0.700000 0.700000 0.700000 0.700000 0.700000 0.700000 0.700000 0.700000 0.700000 0.700000 0.700000 0.700000 0.700000 0.700000 0.700000 0.700000 0.700000 0.700000 0.700000 0.700000 0.700000 0.700000 0.700000 0.700000 0.700000 0.700000 0.700000 0.700000 0.700000 0.700000 0.700000 0.700000 0.700000 0.700000 0.700000 0.700000 0.700000 0.700000 0.700000 0.700000 0.700000 0.700000 0.700000 0.700000 0.700000 0.700000 0.700000 0.700000 0.700000 0.700000 0.700000 0.700000 0.700000 0.700000 0.700000 0.700000 0.700000 0.700000 0.700000 0.700000 0.700000 0.700000 0.700000 0.700000 0.700000 0.700000 0.700000 0.700000 0.700000 0.700000 0.700000 0.700000 0.700000 0.700000 0.700000 0.700000 0.700000 0.700000 0.700000 0.700000 0.700000 0.700000 0.700000 0.700000 0.700000 0.700000 0.700000 0.700000 0.700000 0.700000 0.700000 0.700000 0.700000 0.700000 0.700000 0.700000 0.700000 0.700000 0.700000 0.700000 0.700000 0.700000 0.700000 0.700000 0.700000 0.700000 0.700000 0.700000 0.700000 0.700000 0.700000 0.700000 0.700000 0.700000 0.700000 0.700000 0.700000 0.700000 0.700000 0.700000 0.700000 0.700000 0.700000 0.700000 0.700000 0.700000 0.700000 0.700000 0.700000 0.700000 0.700000 0.700000 0.700000 0.700000 0.700000 0.700000 0.700000 0.700000 0.700000 0.700000 0.700000 0.700000 0.700000 0.700000 0.700000 0.700000 0.700000 0.700000 0.700000 0.700000 0.700000 0.700000 0.700000 0.700000 0.700000 0.700000 0.700000 0.700000 0.700000 0.700000 0.700000 0.700000 0.700000 0.700000 0.700000 0.700000 0.700000 0.700000 0.700000 0.700000 0.700000 0.700000 0.700000 0.700000 0.700000 0.700000 0.700000 0.700000 0.700000 0.700000 0.700000 0.700000 0.700000 0.700000 0.700000 0.700000 0.700000 0.700000 0.700000 0.700000 0.700000 0.700000 0.700000 0.700000 0.700000 0.700000 0.700000 0.700000 0.700000 0.700000 0.700000 0.700000 0.700000 0.700000 0.700000 0.700000 0.700000 0.700000 0.700000 0.700000 0.700000 0.700000 0.700000 0.700000 0.700000 0.700000 0.700000 0.700000 0.700000 0.700000 0.700000 0.700000 0.700000 0.700000 0.700000 0.700000 0.700000 0.700000 0.700000 0.700000 0.700000 0.700000 0.700000 0.700000 0.700000 0.700000 0.700000 0.700000 0.700000 0.700000 0.700000 0.700000 0.700000 0.700000 0.700000 0.700000 0.700000 0.700000 0.700000 0.700000 0.700000 0.700000 0.700000 0.700000 0.700000 0.700000 0.700000 0.700000 0.700000 0.700000 0.700000 0.700000 0.700000 0.700000 0.700000 0.700000 0.700000 0.700000 0.700000 0.700000 0.700000 0.700000 0.700000 0.700000 0.700000 0.700000 0.700000 0.700000 0.700000 0.700000 0.700000 0.700000 0.700000 0.700000 0.700000 0.700000 0.700000 0.700000 0.700000 0.700000 0.700000 0.700000 0.700000 0.700000 0.700000 0.700000 0.700000 0.700000 0.700000 0.700000 0.700000 0.700000 0.700000 0.700000 0.700000 0.700000 0.700000 0.700000 0.700000 0.700000 0.700000 0.700000 0.700000 0.700000 0.700000 0.700000 0.700000 0.700000 0.700000 0.700000 0.700000 0.700000 0.700000 0.700000 0.700000 0.700000 0.700000 0.700000 0.700000 0.700000 0.700000 0.700000 0.700000 0.700000 0.700000 0.700000 0.700000 0.700000 0.700000 0.700000 0.700000 0.700000 0.700000 0.700000 0.700000 0.700000 0.700000 0.700000 0.700000 0.700000 0.700000 0.700000 0.700000 0.700000 0.700000 0.700000 0.700000 0.700000 0.700000 0.700000 0.700000 0.700000 0.700000 0.700000 0.700000 0.700000 0.700000 0.700000 0.700000 0.700000 0.700000 0.700000 0.700000 0.700000 0.700000 0.700000 0.700000 0.700000 0.700000 0.700000 0.700000 0.700000 0.700000 0.700000 0.700000 0.700000 0.700000 0.700000 0.700000 0.700000 0.700000 0.700000 0.700000 0.700000 0.700000 0.700000 0.700000 0.700000 0.700000 0.700000 0.700000 0.700000 0.700000 0.700000 0.700000 0.700000 0.700000 0.700000 0.700000 0.700000 0.700000 0.700000 0.700000 0.700000 0.700000 0.700000 0.700000 0.700000 0.700000 0.700000 0.700000 0.700000 0.700000 0.700000 0.700000 0.700000 0.700000 0.700000 0.700000 0.700000 0.700000 0.700000 0.700000 0.700000 0.700000 0.700000 0.700000 0.700000 0.700000 0.700000 0.700000 0.700000 0.700000 0.700000 0.700000 0.700000 0.700000 0.700000 0.700000 0.700000 0.700000 0.700000 0.700000 0.700000 0.700000 0.700000 0.700000 0.700000 0.700000 0.700000 0.700000 0.700000 0.700000 0.700000 0.700000 0.700000 0.700000 0.700000 0.700000 0.700000 0.700000 0.700000 0.700000 0.700000 0.700000 0.700000 0.700000 0.700000 0.700000 0.700000 0.700000 0.700000 0.700000 0.700000 0.700000 0.700000 0.700000 0.700000 0.700000 0.700000 0.700000 0.700000 0.700000 0.700000 0.700000 0.700000 0.700000 0.700000 0.700000 0.700000 0.700000 0.700000 0.700000 0.700000 0.700000 0.700000 0.700000 0.700000 0.700000 0.700000 0.700000 0.700000 0.700000 0.700000 0.700000 0.700000 0.700000 0.700000 0.700000 0.700000 0.700000 0.700000 0.700000 0.700000 0.700000 0.700000 0.700000 0.700000 0.700000 0.700000 0.700000 0.700000 0.700000 0.700000 0.700000 0.700000 0.700000 0.700000 0.700000 0.700000 0.700000 0.700000 0.700000 0.700000 0.700000 0.700000 0.700000 0.700000 0.700000 0.700000 0.700000 0.700000 0.700000 0.700000 0.700000 0.700000 0.700000 0.700000 0.700000 0.700000 0.700000 0.700000 0.700000 0.700000 0.700000 0.700000 0.700000 0.700000 0.700000 0.700000 0.700000 0.700000 0.700000 0.700000 0.700000 0.700000 0.700000 0.700000 0.700000 0.700000 0.700000 0.700000 0.700000 0.700000 0.700000 0.700000 0.700000 0.700000 0.700000 0.700000 0.700000 0.700000 0.700000 0.700000 0.700000 0.700000 0.700000 0.700000 0.700000 0.700000 0.700000 0.700000 0.700000 0.700000 0.700000 0.700000 0.700000 0.700000 0.700000 0.700000 0.700000 0.700000 0.700000 0.700000 0.700000 0.700000 0.700000 0.700000 0.700000 0.700000 0.700000 0.700000 0.700000 0.700000 0.700000 0.700000 0.700000 0.700000 0.700000 0.700000 0.700000 0.700000 0.700000 0.700000 0.700000 0.700000 0.700000 0.700000 0.700000 0.700000 0.700000 0.700000 0.700000 0.700000 0.700000 0.700000 0.700000 0.700000 0.700000 0.700000 0.700000 0.700000 0.700000 0.700000 0.700000 0.700000 0.700000 0.700000 0.700000 0.700000 0.700000 0.700000 0.700000 0.700000 0.700000 0.700000 0.700000 0.700000 0.700000 0.700000 0.700000 0.700000 0.700000 0.700000 0.700000 0.700000 0.700000 0.700000 0.700000 0.700000 0.700000 0.700000 0.700000 0.700000 0.700000 0.700000 0.700000 0.700000 0.700000 0.700000 0.700000 0.700000 0.700000 0.700000 0.700000 0.700000 0.700000 0.700000 0.700000 0.700000 0.700000 0.700000 0.700000 0.700000 0.700000 0.700000 0.700000 0.700000 0.700000 0.700000 0.700000 0.700000 0.700000 0.700000 0.700000 0.700000 0.700000 0.700000 0.700000 0.700000 0.700000 0.700000 0.700000 0.700000 0.700000 0.700000 0.700000 0.700000 0.700000 0.700000 0.700000 0.700000 0.700000 0.700000 0.700000 0.700000 0.700000 0.700000 0.700000 0.700000 0.700000 0.700000 0.700000 0.700000 0.700000 0.700000 0.700000 0.700000 0.700000 0.700000 0.700000 0.700000 0.700000 0.700000 0.700000 0.700000 0.700000 0.700000 0.700000 0.700000 0.700000 0.700000 0.700000 0.700000 0.700000 0.700000 0.700000 0.700000 0.700000 0.700000 0.700000 0.700000 0.700000 0.700000 0.700000 0.700000 0.700000 0.700000 0.700000 0.700000 0.700000 0.700000 0.700000 0.700000 0.700000 0.700000 0.700000 0.700000 0.700000 0.700000 0.700000 0.700000 0.700000 0.700000 0.700000 0.700000 0.700000 0.700000 0.700000 0.700000 0.700000 0.700000 0.700000 0.700000 0.700000 0.700000 0.700000 0.700000 0.700000 0.700000 0.700000 0.700000 0.700000 0.700000 0.700000 0.700000 0.700000 0.700000 0.700000 0.700000 0.700000 0.700000 0.700000 0.700000 0.700000 0.700000 0.700000 0.700000 0.700000 0.700000 0.700000 0.700000 0.700000 0.700000 0.700000 0.700000 0.700000 0.700000 0.700000 0.700000 0.700000 0.700000 0.700000 0.700000 0.700000 0.700000 0.700000 0.700000 0.700000 0.700000 0.700000 0.700000 0.700000 0.700000 0.700000 0.700000 0.700000 0.700000 0.700000 0.700000 0.700000 0.700000 0.700000 0.700000 0.700000 0.700000 0.700000 0.700000 0.700000 0.700000 0.700000 0.700000 0.700000 0.700000 0.700000 0.700000 0.700000 0.700000 0.700000 0.700000 0.700000 0.700000 0.700000 0.700000 0.700000 0.700000 0.700000 0.700000 0.700000 0.700000 0.700000 0.700000 0.700000 0.700000 0.700000 0.700000 0.700000 0.700000 0.700000 0.700000 0.700000 0.700000 0.700000 0.700000 0.700000 0.700000 0.700000 0.700000 0.700000 0.700000 0.700000 0.700000 0.700000 0.700000 0.700000 0.700000 0.700000 0.700000 0.700000 0.700000 0.700000 0.700000 0.700000 0.700000 0.700000 0.700000 0.700000 0.700000 0.700000 0.700000 0.700000 0.700000 0.700000 0.700000 0.700000 0.700000 0.700000 0.700000 0.700000 0.700000 0.700000 0.700000 0.700000 0.700000 0.700000 0.700000 0.700000 0.700000 0.700000 0.700000 0.700000 0.700000 0.700000 0.700000 0.700000 0.700000 0.700000 0.700000 0.700000 0.700000 0.700000 0.700000 0.700000 0.700000 0.700000 0.700000 0.700000 0.700000 0.700000 0.700000 0.700000 0.700000 0.700000 0.700000 0.700000 0.700000 0.700000 0.700000 0.700000 0.700000 0.700000 0.700000 0.700000 0.700000 0.700000 0.700000 0.700000 0.700000 0.700000 0.700000 0.700000 0.700000 0.700000 0.700000 0.700000 0.700000 0.700000 0.700000 0.700000 0.700000 0.700000 0.700000 0.700000 0.700000 0.700000 0.700000 0.700000 0.700000 0.700000 0.700000 0.700000 0.700000 0.700000 0.700000 0.700000 0.700000 0.700000 0.700000 0.700000 0.700000 0.700000 0.700000 0.700000 0.700000 0.700000 0.700000 0.700000 0.700000 0.700000 0.700000 0.700000 0.700000 0.700000 0.700000 0.700000 0.700000 0.700000 0.700000 0.700000 0.700000 0.700000 0.700000 0.700000 0.700000 0.700000 0.700000 0.700000 0.700000 0.700000 0.700000 0.700000 0.700000 0.700000 0.700000 0.700000 0.700000 0.700000 0.700000 0.700000 0.700000 0.700000 0.700000 0.700000 0.700000 0.700000 0.700000 0.700000 0.700000 0.700000 0.700000 0.700000 0.700000 0.700000 0.700000 0.700000 0.700000 0.700000 0.700000 0.700000 0.700000 0.700000 0.700000 0.700000 0.700000 0.700000 0.700000 0.700000 0.700000 0.700000 0.700000 0.700000 0.700000 0.700000 0.700000 0.700000 0.700000 0.700000 0.700000 0.700000 0.700000 0.700000 0.700000 0.700000 0.700000 0.700000 0.700000 0.700000 0.700000 0.700000 0.700000 0.700000 0.700000 0.700000 0.700000 0.700000 0.700000 0.700000 0.700000 0.700000 0.700000 0.700000 0.700000 0.700000 0.700000 0.700000 0.700000 0.700000 0.700000 0.700000 0.700000 0.700000 0.700000 0.700000 0.700000 0.700000 0.700000 0.700000 0.700000 0.700000 0.700000 0.700000 0.700000 0.700000 0.700000 0.700000 0.700000 0.700000 0.700000 0.700000 0.700000 0.700000 0.700000 0.700000 0.700000 0.700000 0.700000 0.700000 0.700000 0.700000 0.700000 0.700000 0.700000 0.700000 0.700000 0.700000 0.700000 0.700000 0.700000 0.700000 0.700000 0.700000 0.700000 0.700000 0.700000 0.700000 0.700000 0.700000 0.700000 0.700000 0.700000 0.700000 0.700000 0.700000 0.700000 0.700000 0.700000 0.700000 0.700000 0.700000 0.700000 0.700000 0.700000 0.700000 0.700000 0.700000 0.700000 0.700000 0.700000 0.700000 0.700000 0.700000 0.700000 0.700000 0.700000 0.700000 0.700000 0.700000 0.700000 0.700000 0.700000 0.700000 0.700000 0.700000 0.700000 0.700000 0.700000 0.700000 0.700000 0.700000 0.700000 0.700000 0.700000 0.700000 0.700000 0.700000 0.700000 0.700000 0.700000 0.700000 0.700000 0.700000 0.700000 0.700000 0.700000 0.700000 0.700000 0.700000 0.700000 0.700000 0.700000 0.700000 0.700000 0.700000 0.700000 0.700000 0.700000 0.700000 0.700000 0.700000 0.700000 0.700000 0.700000 0.700000 0.700000 0.700000 0.700000 0.700000 0.700000 0.700000 0.700000 0.700000 0.700000 0.700000 0.700000 0.700000 0.700000 0.700000 0.700000 0.700000 0.700000 0.700000 0.700000 0.700000 0.700000 0.700000 0.700000 0.700000 0.700000 0.700000 0.700000 0.700000 0.700000 0.700000 0.700000 0.700000 0.700000 0.700000 0.700000 0.700000 0.700000 0.700000 0.700000 0.700000 0.700000 0.700000 0.700000 0.700000 0.700000 0.700000 0.700000 0.700000 0.700000 0.700000 0.700000 0.700000 0.700000 0.700000 0.700000 0.700000 0.700000 0.700000 0.700000 0.700000 0.700000 0.700000 0.700000 0.700000 0.700000 0.700000 0.700000 0.700000 0.700000 0.700000 0.700000 0.700000 0.700000 0.700000 0.700000 0.700000 0.700000 0.700000 0.700000 0.700000 0.700000 0.700000 0.700000 0.700000 0.700000 0.700000 0.700000 0.700000 0.700000 0.700000 0.700000 0.700000 0.700000 0.700000 0.700000 0.700000 0.700000 0.700000 0.700000 0.700000 0.700000 0.700000 0.700000 0.700000 0.700000 0.700000 0.700000 0.700000 0.700000 0.700000 0.700000 0.700000 0.700000 0.700000 0.700000 0.700000 0.700000 0.700000 0.700000 0.700000 0.700000 0.700000 0.700000 0.700000 0.700000 0.700000 0.700000 0.700000 0.700000 0.700000 0.700000 0.700000 0.700000 0.700000 0.700000 0.700000 0.700000 0.700000 0.700000 0.700000 0.700000 0.700000 0.700000 0.700000 0.700000 0.700000 0.700000 0.700000 0.700000 0.700000 0.700000 0.700000 0.700000 0.700000 0.700000 0.700000 0.700000 0.700000 0.700000 0.700000 0.700000 0.700000 0.700000 0.700000 0.700000 0.700000 0.700000 0.700000 0.700000 0.700000 0.700000 0.700000 0.700000 0.700000 0.700000 0.700000 0.700000 0.700000 0.700000 0.700000 0.700000 0.700000 0.700000 0.700000 0.700000 0.700000 0.700000 0.700000 0.700000 0.700000 0.700000 0.700000 0.700000 0.700000 0.700000 0.700000 0.700000 0.700000 0.700000 0.700000 0.700000 0.700000 0.700000 0.700000 0.700000 0.700000 0.700000 0.700000 0.700000 0.700000 0.700000 0.700000 0.700000 0.700000 0.700000 0.700000 0.700000 0.700000 0.700000 0.700000 0.700000 0.700000 0.700000 0.700000 0.700000 0.700000 0.700000 0.700000 0.700000 0.700000 0.700000 0.700000 0.700000 0.700000 0.700000 0.700000 0.700000 0.700000 0.700000 0.700000 0.700000 0.700000 0.700000 0.700000 0.700000 0.700000 0.700000 0.700000 0.700000 0.700000 0.700000 0.700000 0.700000 0.700000 0.700000 0.700000 0.700000 0.700000 0.700000 0.700000 0.700000 0.700000 0.700000 0.700000 0.700000 0.700000 0.700000 0.700000 0.700000 0.700000 0.700000 0.700000 0.700000 0.700000 0.700000 0.700000 0.700000 0.700000 0.700000 0.700000 0.700000 0.700000 0.700000 0.700000 0.700000 0.700000 0.700000 0.700000 0.700000 0.700000 0.700000 0.700000 0.700000 0.700000 0.700000 0.700000 0.700000 0.700000 0.700000 0.700000 0.700000 0.700000 0.700000 0.700000 0.700000 0.700000 0.700000 0.700000 0.700000 0.700000 0.700000 0.700000 0.700000 0.700000 0.700000 0.700000 0.700000 0.700000 0.700000 0.700000 0.700000 0.700000 0.700000 0.700000 0.700000 0.700000 0.700000 0.700000 0.700000 0.700000 0.700000 0.700000 0.700000 0.700000 0.700000 0.700000 0.700000 0.700000 0.700000 0.700000 0.700000 0.700000 0.700000 0.700000 0.700000 0.700000 0.700000 0.700000 0.700000 0.700000 0.700000 0.700000 0.700000 0.700000 0.700000 0.700000 0.700000 0.700000 0.700000 0.700000 0.700000 0.700000 0.700000 0.700000 0.700000 0.700000 0.700000 0.700000 0.700000 0.700000 0.700000 0.700000 0.700000 0.700000 0.700000 0.700000 0.700000 0.700000 0.700000 0.700000 0.700000 0.700000 0.700000 0.700000 0.700000 0.700000 0.700000 0.700000 0.700000 0.700000 0.700000 0.700000 0.700000 0.700000 0.700000 0.700000 0.700000 0.700000 0.700000 0.700000 0.700000 0.700000 0.700000 0.700000 0.700000 0.700000 0.700000 0.700000 0.700000 0.700000 0.700000 0.700000 0.700000 0.700000 0.700000 0.700000 0.700000 0.700000 0.700000 0.700000 0.700000 0.700000 0.700000 0.700000 0.700000 0.700000 0.700000 0.700000 0.700000 0.700000 0.700000 0.700000 0.700000 0.700000 0.700000 0.700000 0.700000 0.700000 0.700000 0.700000 0.700000 0.700000 0.700000 0.700000 0.700000 0.700000 0.700000 0.700000 0.700000 0.700000 0.700000 0.700000 0.700000 0.700000 0.700000 0.700000 0.700000 0.700000 0.700000 0.700000 0.700000 0.700000 0.700000 0.700000 0.700000 0.700000 0.700000 0.700000 0.700000 0.700000 0.700000 0.700000 0.700000 0.700000 0.700000 0.700000 0.700000 0.700000 0.700000 0.700000 0.700000 0.700000 0.700000 0.700000 0.700000 0.700000 0.700000 0.700000 0.700000 0.700000 0.700000 0.700000 0.700000 0.700000 0.700000 0.700000 0.700000 0.700000 0.700000 0.700000 0.700000 0.700000 0.700000 0.700000 0.700000 0.700000 0.700000 0.700000 0.700000 0.700000 0.700000 0.700000 0.700000 0.700000 0.700000 0.700000 0.700000 0.700000 0.700000 0.700000 0.700000 0.700000 0.700000 0.700000 0.700000 0.700000 0.700000 0.700000 0.700000 0.700000 0.700000 0.700000 0.700000 0.700000 0.700000 0.700000 0.700000 0.700000 0.700000 0.700000 0.700000 0.700000 0.700000 0.700000 0.700000 0.700000 0.700000 0.700000 0.700000 0.700000 0.700000 0.700000 0.700000 0.700000 0.700000 0.700000 0.700000 0.700000 0.700000 0.700000 0.700000 0.700000 0.700000 0.700000 0.700000 0.700000 0.700000 0.700000 0.700000 0.700000 0.700000 0.700000 0.700000 0.700000 0.700000 0.700000 0.700000 0.700000 0.700000 0.700000 0.700000 0.700000 0.700000 0.700000 0.700000 0.700000 0.700000 0.700000 0.700000 0.700000 0.700000 0.700000 0.700000 0.700000 0.700000 0.700000 0.700000 0.700000 0.700000 0.700000 0.700000 0.700000 0.700000 0.700000 0.700000 0.700000 0.700000 0.700000 0.700000 0.700000 0.700000 0.700000 0.700000 0.700000 0.700000 0.700000 0.700000 0.700000 0.700000 0.700000 0.700000 0.700000 0.700000 0.700000 0.700000 0.700000 0.700000 0.700000 0.700000 0.700000 0.700000 0.700000 0.700000 0.700000 0.700000 0.700000 0.700000 0.700000 0.700000 0.700000 0.700000 0.700000 0.700000 0.700000 0.700000 0.700000 0.700000 0.700000 0.700000 0.700000 0.700000 0.700000 0.700000 0.700000 0.700000 0.700000 0.700000 0.700000 0.700000 0.700000 0.700000 0.700000 0.700000 0.700000 0.700000 0.700000 0.700000 0.700000 0.700000 0.700000 0.700000 0.700000 0.700000 0.700000 0.700000 0.700000 0.700000 0.700000 0.700000 0.700000 0.700000 0.700000 0.700000 0.700000 0.700000 0.700000 0.700000 0.700000 0.700000 0.700000 0.700000 0.700000 0.700000 0.700000 0.700000 0.700000 0.700000 0.700000 0.700000 0.700000 0.700000 0.700000 0.700000 0.700000 0.700000 0.700000 0.700000 0.700000 0.700000 0.700000 0.700000 0.700000 0.700000 0.700000 0.700000 0.700000 0.700000 0.700000 0.700000 0.700000 0.700000 0.700000 0.700000 0.700000 0.700000 0.700000 0.700000 0.700000 0.700000 0.700000 0.700000 0.700000 0.700000 0.700000 0.700000 0.700000 0.700000 0.700000 0.700000 0.700000 0.700000 0.700000 0.700000 0.700000 0.700000 0.700000 0.700000 0.700000 0.700000 0.700000 0.700000 0.700000 0.700000 0.700000 0.700000 0.700000 0.700000 0.700000 0.700000 0.700000 0.700000 0.700000 0.700000 0.700000 0.700000 0.700000 0.700000 0.700000 0.700000 0.700000 0.700000 0.700000 0.700000 0.700000 0.700000 0.700000 0.700000 0.700000 0.700000 0.700000 0.700000 0.700000 0.700000 0.700000 0.700000 0.700000 0.700000 0.700000 0.700000 0.700000 0.700000 0.700000 0.700000 0.700000 0.700000 0.700000 0.700000 0.700000 0.700000 0.700000 0.700000 0.700000 0.700000 0.700000 0.700000 0.700000 0.700000 0.700000 0.700000 0.700000 0.700000 0.700000 0.700000 0.700000 0.700000 0.700000 0.700000 0.700000 0.700000 0.700000 0.700000 0.700000 0.700000 0.700000 0.700000 0.700000 0.700000 0.700000 0.700000 0.700000 0.700000 0.700000 0.700000 0.700000 0.700000 0.700000 0.700000 0.700000 0.700000 0.700000 0.700000 0.700000 0.700000 0.700000 0.700000 0.700000 0.700000 0.700000 0.700000 0.700000 0.700000 0.700000 0.700000 0.700000 0.700000 0.700000 0.700000 0.700000 0.700000 0.700000 0.700000 0.700000 0.700000 0.700000 0.700000 0.700000 0.700000 0.700000 0.700000 0.700000 0.700000 0.700000 0.700000 0.700000 0.700000 0.700000 0.700000 0.700000 0.700000 0.700000 0.700000 0.700000 0.700000 0.700000 0.700000 0.700000 0.700000 0.700000 0.700000 0.700000 0.700000 0.700000 0.700000 0.700000 0.700000 0.700000 0.700000 0.700000 0.700000 0.700000 0.700000 0.700000 0.700000 0.700000 0.700000 0.700000 0.700000 0.700000 0.700000 0.700000 0.700000 0.700000 0.700000 0.700000 0.700000 0.700000 0.700000 0.700000 0.700000 0.700000 0.700000 0.700000 0.700000 0.700000 0.700000 0.700000 0.700000 0.700000 0.700000 0.700000 0.700000 0.700000 0.700000 0.700000 0.700000 0.700000 0.700000 0.700000 0.700000 0.700000 0.700000 0.700000 0.700000 0.700000 0.700000 0.700000 0.700000 0.700000 0.700000 0.700000 0.700000 0.700000 0.700000 0.700000 0.700000 0.700000 0.700000 0.700000 0.700000 0.700000 0.700000 0.700000 0.700000 0.700000 0.700000 0.700000 0.700000 0.700000 0.700000 0.700000 0.700000 0.700000 0.700000 0.700000 0.700000 0.700000 0.700000 0.700000 0.700000 0.700000 0.700000 0.700000 0.700000 0.700000 0.700000 0.700000 0.700000 0.700000 0.700000 0.700000 0.700000 0.700000 0.700000 0.700000 0.700000 0.700000 0.700000 0.700000 0.700000 0.700000 0.700000 0.700000 0.700000 0.700000 0.700000 0.700000 0.700000 0.700000 0.700000 0.700000 0.700000 0.700000 0.700000 0.700000 0.700000 0.700000 0.700000 0.700000 0.700000 0.700000 0.700000 0.700000 0.700000 0.700000 0.700000 0.700000 0.700000 0.700000 0.700000 0.700000 0.700000 0.700000 0.700000 0.700000 0.700000 0.700000 0.700000 0.700000 0.700000 0.700000 0.700000 0.700000 0.700000 0.700000 0.700000 0.700000 0.700000 0.700000 0.700000 0.700000 0.700000 0.700000 0.700000 0.700000 0.700000 0.700000 0.700000 0.700000 0.700000 0.700000 0.700000 0.700000 0.700000 0.700000 0.700000 0.700000 0.700000 0.700000 0.700000 0.700000 0.700000 0.700000 0.700000 0.700000 0.700000 0.700000 0.700000 0.700000 0.700000 0.700000 0.700000 0.700000 0.700000 0.700000 0.700000 0.700000 0.700000 0.700000 0.700000 0.700000 0.700000 0.700000 0.700000 0.700000 0.700000 0.700000 0.700000 0.700000 0.700000 0.700000 0.700000 0.700000 0.700000 0.700000 0.700000 0.700000 0.700000 0.700000 0.700000 0.700000 0.700000 0.700000 0.700000 0.700000 0.700000 0.700000 0.700000 0.700000 0.700000 0.700000 0.700000 0.700000 0.700000 0.700000 0.700000 0.700000 0.700000 0.700000 0.700000 0.700000 0.700000 0.700000 0.700000 0.700000 0.700000 0.700000 0.700000 0.700000 0.700000 0.700000 0.700000 0.700000 0.700000 0.700000 0.700000 0.700000 0.700000 0.700000 0.700000 0.700000 0.700000 0.700000 0.700000 0.700000 0.700000 0.700000 0.700000 0.700000 0.700000 0.700000 0.700000 0.700000 0.700000 0.700000 0.700000 0.700000 0.700000 0.700000 0.700000 0.700000 0.700000 0.700000 0.700000 0.700000 0.700000 0.700000 0.700000 0.700000 0.700000 0.700000 0.700000 0.700000 0.700000 0.700000 0.700000 0.700000 0.700000 0.700000 0.700000 0.700000 0.700000 0.700000 0.700000 0.700000 0.700000 0.700000 0.700000 0.700000 0.700000 0.700000 0.700000 0.700000 0.700000 0.700000 0.700000 0.700000 0.700000 0.700000 0.700000 0.700000 0.700000 0.700000 0.700000 0.700000 0.700000 0.700000 0.700000 0.700000 0.700000 0.700000 0.700000 0.700000 0.700000 0.700000 0.700000 0.700000 0.700000 0.700000 0.700000 0.700000 0.700000 0.700000 0.700000 0.700000 0.700000 0.700000 0.700000 0.700000 0.700000 0.700000 0.700000 0.700000 0.700000 0.700000 0.700000 0.700000 0.700000 0.700000 0.700000 0.700000 0.700000 0.700000 0.700000 0.700000 0.700000 0.700000 0.700000 0.700000 0.700000 0.700000 0.700000 0.700000 0.700000 0.700000 0.700000 0.700000 0.700000 0.700000 0.700000 0.700000 0.700000 0.700000 0.700000 0.700000 0.700000 0.700000 0.700000 0.700000 0.700000 0.700000 0.700000 0.700000 0.700000 0.700000 0.700000 0.700000 0.700000 0.700000 0.700000 0.700000 0.700000 0.700000 0.700000 0.700000 0.700000 0.700000 0.700000 0.700000 0.700000 0.700000 0.700000 0.700000 0.700000 0.700000 0.700000 0.700000 0.700000 0.700000 0.700000 0.700000 0.700000 0.700000 0.700000 0.700000 0.700000 0.700000 0.700000 0.700000 0.700000 0.700000 0.700000 0.700000 0.700000 0.700000 0.700000 0.700000 0.700000 0.700000 0.700000 0.700000 0.700000 0.700000 0.700000 0.700000 0.700000 0.700000 0.700000 0.700000 0.700000 0.700000 0.700000 0.700000 0.700000 0.700000 0.700000 0.700000 0.700000 0.700000 0.700000 0.700000 0.700000 0.700000 0.700000 0.700000 0.700000 0.700000 0.700000 0.700000 0.700000 0.700000 0.700000 0.700000 0.700000 0.700000 0.700000 0.700000 0.700000 0.700000 0.700000 0.700000 0.700000 0.700000 0.700000 0.700000 0.700000 0.700000 0.700000 0.700000 0.700000 0.700000 0.700000 0.700000 0.700000 0.700000 0.700000 0.700000 0.700000 0.700000 0.700000 0.700000 0.700000 0.700000 0.700000 0.700000 0.700000 0.700000 0.700000 0.700000 0.700000 0.700000 0.700000 0.700000 0.700000 0.700000 0.700000 0.700000 0.700000 0.700000 0.700000 0.700000 0.700000 0.700000 0.700000 0.700000 0.700000 0.700000 0.700000 0.700000 0.700000 0.700000 0.700000 0.700000 0.700000 0.700000 0.700000 0.700000 0.700000 0.700000 0.700000 0.700000 0.700000 0.700000 0.700000 0.700000 0.700000 0.700000 0.700000 0.700000 0.700000 0.700000 0.700000 0.700000 0.700000 0.700000 0.700000 0.700000 0.700000 0.700000 0.700000 0.700000 0.700000 0.700000 0.700000 0.700000 0.700000 0.700000 0.700000 0.700000 0.700000 0.700000 0.700000 0.700000 0.700000 0.700000 0.700000 0.700000 0.700000 0.700000 0.700000 0.700000 0.700000 0.700000 0.700000 0.700000 0.700000 0.700000 0.700000 0.700000 0.700000 0.700000 0.700000 0.700000 0.700000 0.700000 0.700000 0.700000 0.700000 0.700000 0.700000 0.700000 0.700000 0.700000 0.700000 0.700000 0.700000 0.700000 0.700000 0.700000 0.700000 0.700000 0.700000 0.700000 0.700000 0.700000 0.700000 0.700000 0.700000 0.700000 0.700000 0.700000 0.700000 0.700000 0.700000 0.700000 0.700000 0.700000 0.700000 0.700000 0.700000 0.700000 0.700000 0.700000 0.700000 0.700000 0.700000 0.700000 0.700000 0.700000 0.700000 0.700000 0.700000 0.700000 0.700000 0.700000 0.700000 0.700000 0.700000 0.700000 0.700000 0.700000 0.700000 0.700000 0.700000 0.700000 0.700000 0.700000 0.700000 0.700000 0.700000 0.700000 0.700000 0.700000 0.700000 0.700000 0.700000 0.700000 0.700000 0.700000 0.700000 0.700000 0.700000 0.700000 0.700000 0.700000 0.700000 0.700000 0.700000 0.700000 0.700000 0.700000 0.700000 0.700000 0.700000 0.700000 0.700000 0.700000 0.700000 0.700000 0.700000 0.700000 0.700000 0.700000 0.700000 0.700000 0.700000 0.700000 0.700000 0.700000 0.700000 0.700000 0.700000 0.700000 0.700000 0.700000 0.700000 0.700000 0.700000 0.700000 0.700000 0.700000 0.700000 0.700000 0.700000 0.700000 0.700000 0.700000 0.700000 0.700000 0.700000 0.700000 0.700000 0.700000 0.700000 0.700000 0.700000 0.700000 0.700000 0.700000 0.700000 0.700000 0.700000 0.700000 0.700000 0.700000 0.700000 0.700000 0.700000 0.700000 0.700000 0.700000 0.700000 0.700000 0.700000 0.700000 0.700000 0.700000 0.700000 0.700000 0.700000 0.700000 0.700000 0.700000 0.700000 0.700000 0.700000 0.700000 0.700000 0.700000 0.700000 0.700000 0.700000 0.700000 0.700000 0.700000 0.700000 0.700000 0.700000 0.700000 0.700000 0.700000 0.700000 0.700000 0.700000 0.700000 0.700000 0.700000 0.700000 0.700000 0.700000 0.700000 0.700000 0.700000 0.700000 0.700000 0.700000 0.700000 0.700000 0.700000 0.700000 0.700000 0.700000 0.700000 0.700000 0.700000 0.700000 0.700000 0.700000 0.700000 0.700000 0.700000 0.700000 0.700000 0.700000 0.700000 0.700000 0.700000 0.700000 0.700000 0.700000 0.700000 0.700000 0.700000 0.700000 0.700000 0.700000 0.700000 0.700000 0.700000 0.700000 0.700000 0.700000 0.700000 0.700000 0.700000 0.700000 0.700000 0.700000 0.700000 0.700000 0.700000 0.700000 0.700000 0.700000 0.700000 0.700000 0.700000 0.700000 0.700000 0.700000 0.700000 0.700000 0.700000 0.700000 0.700000 0.700000 0.700000 0.700000 0.700000 0.700000 0.700000 0.700000 0.700000 0.700000 0.700000 0.700000 0.700000 0.700000 0.700000 0.700000 0.700000 0.700000 0.700000 0.700000 0.700000 0.700000 0.700000 0.700000 0.700000 0.700000 0.700000 0.700000 0.700000 0.700000 0.700000 0.700000 0.700000 0.700000 0.700000 0.700000 0.700000 0.700000 0.700000 0.700000 0.700000 0.700000 0.700000 0.700000 0.700000 0.700000 0.700000 0.700000 0.700000 0.700000 0.700000 0.700000 0.700000 0.700000 0.700000 0.700000 0.700000 0.700000 0.700000 0.700000 0.700000 0.700000 0.700000 0.700000 0.700000 0.700000 0.700000 0.700000 0.700000 0.700000 0.700000 0.700000 0.700000 0.700000 0.700000 0.700000 0.700000 0.700000 0.700000 0.700000 0.700000 0.700000 0.700000 0.700000 0.700000 0.700000 0.700000 0.700000 0.700000 0.700000 0.700000 0.700000 0.700000 0.700000 0.700000 0.700000 0.700000 0.700000 0.700000 0.700000 0.700000 0.700000 0.700000 0.700000 0.700000 0.700000 0.700000 0.700000 0.700000 0.700000 0.700000 0.700000 0.700000 0.700000 0.700000 0.700000 0.700000 0.700000 0.700000 0.700000 0.700000 0.700000 0.700000 0.700000 0.700000 0.700000 0.700000 0.700000 0.700000 0.700000 0.700000 0.700000 0.700000 0.700000 0.700000 0.700000 0.700000 0.700000 0.700000 0.700000 0.700000 0.700000 0.700000 0.700000 0.700000 0.700000 0.700000 0.700000 0.700000 0.700000 0.700000 0.700000 0.700000 0.700000 0.700000 0.700000 0.700000 0.700000 0.700000 0.700000 0.700000 0.700000 0.700000 0.700000 0.700000 0.700000 0.700000 0.700000 0.700000 0.700000 0.700000 0.700000 0.700000 0.700000 0.700000 0.700000 0.700000 0.700000 0.700000 0.700000 0.700000 0.700000 0.700000 0.700000 0.700000 0.700000 0.700000 0.700000 0.700000 0.700000 0.700000 0.700000 0.700000 0.700000 0.700000 0.700000 0.700000 0.700000 0.700000 0.700000 0.700000 0.700000 0.700000 0.700000 0.700000 0.700000 0.700000 0.700000 0.700000 0.700000 0.700000 0.700000 0.700000 0.700000 0.700000 0.700000 0.700000 0.700000 0.700000 0.700000 0.700000 0.700000 0.700000 0.700000 0.700000 0.700000 0.700000 0.700000 0.700000 0.700000 0.700000 0.700000 0.700000 0.700000 0.700000 0.700000 0.700000 0.700000 0.700000 0.700000 0.700000 0.700000 0.700000 0.700000 0.700000 0.700000 0.700000 0.700000 0.700000 0.700000 0.700000 0.700000 0.700000 0.700000 0.700000 0.700000 0.700000 0.700000 0.700000 0.700000 0.700000 0.700000 0.700000 0.700000 0.700000 0.700000 0.700000 0.700000 0.700000 0.700000 0.700000 0.700000 0.700000 0.700000 0.700000 0.700000 0.700000 0.700000 0.700000 0.700000 0.700000 0.700000 0.700000 0.700000 0.700000 0.700000 0.700000 0.700000 0.700000 0.700000 0.700000 0.700000 0.700000 0.700000 0.700000 0.700000 0.700000 0.700000 0.700000 0.700000 0.700000 0.700000 0.700000 0.700000 0.700000 0.700000 0.700000 0.700000 0.700000 0.700000 0.700000 0.700000 0.700000 0.700000 0.700000 0.700000 0.700000 0.700000 0.700000 0.700000 0.700000 0.700000 0.700000 0.700000 0.700000 0.700000 0.700000 0.700000 0.700000 0.700000 0.700000 0.700000 0.700000 0.700000 0.700000 0.700000 0.700000 0.700000 0.700000 0.700000 0.700000 0.700000 0.700000 0.700000 0.700000 0.700000 0.700000 0.700000 0.700000 0.700000 0.700000 0.700000 0.700000 0.700000 0.700000 0.700000 0.700000 0.700000 0.700000 0.700000 0.700000 0.700000 0.700000 0.700000 0.700000 0.700000 0.700000 0.700000 0.700000 0.700000 0.700000 0.700000 0.700000 0.700000 0.700000 0.700000 0.700000 0.700000 0.700000 0.700000 0.700000 0.700000 0.700000 0.700000 0.700000 0.700000 0.700000 0.700000 0.700000 0.700000 0.700000 0.700000 0.700000 0.700000 0.700000 0.700000 0.700000 0.700000 0.700000 0.700000 0.700000 0.700000 0.700000 0.700000 0.700000 0.700000 0.700000 0.700000 0.700000 0.700000 0.700000 0.700000 0.700000 0.700000 0.700000 0.700000 0.700000 0.700000 0.700000 0.700000 0.700000 0.700000 0.700000 0.700000 0.700000 0.700000 0.700000 0.700000 0.700000 0.700000 0.700000 0.700000 0.700000 0.700000 0.700000 0.700000 0.700000 0.700000 0.700000 0.700000 0.700000 0.700000 0.700000 0.700000 0.700000 0.700000 0.700000 0.700000 0.700000 0.700000 0.700000 0.700000 0.700000 0.700000 0.700000 0.700000 0.700000 0.700000 0.700000 0.700000 0.700000 0.700000 0.700000 0.700000 0.700000 0.700000 0.700000 0.700000 0.700000 0.700000 0.700000 0.700000 0.700000 0.700000 0.700000 0.700000 0.700000 0.700000 0.700000 0.700000 0.700000 0.700000 0.700000 0.700000 0.700000 0.700000 0.700000 0.700000 0.700000 0.700000 0.700000 0.700000 0.700000 0.700000 0.700000 0.700000 0.700000 0.700000 0.700000 0.700000 0.700000 0.700000 0.700000 0.700000 0.700000 0.700000 0.700000 0.700000 0.700000 0.700000 0.700000 0.700000 0.700000 0.700000 0.700000 0.700000 0.700000 0.700000 0.700000 0.700000 0.700000 0.700000 0.700000 0.700000 0.700000 0.700000 0.700000 0.700000 0.700000 0.700000 0.700000 0.700000 0.700000 0.700000 0.700000 0.700000 0.700000 0.700000 0.700000 0.700000 0.700000 0.700000 0.700000 0.700000 0.700000 0.700000 0.700000 0.700000 0.700000 0.700000 0.700000 0.700000 0.700000 0.700000 0.700000 0.700000 0.700000 0.700000 0.700000 0.700000 0.700000 0.700000 0.700000 0.700000 0.700000 0.700000 0.700000 0.700000 0.700000 0.700000 0.700000 0.700000 0.700000 0.700000 0.700000 0.700000 0.700000 0.700000 0.700000 0.700000 0.700000 0.700000 0.700000 0.700000 0.700000 0.700000 0.700000 0.700000 0.700000 0.700000 0.700000 0.700000 0.700000 0.700000 0.700000 0.700000 0.700000 0.700000 0.700000 0.700000 0.700000 0.700000 0.700000 0.700000 0.700000 0.700000 0.700000 0.700000 0.700000 0.700000 0.700000 0.700000 0.700000 0.700000 0.700000 0.700000 0.700000 0.700000 0.700000 0.700000 0.700000 0.700000 0.700000 0.700000 0.700000 0.700000 0.700000 0.700000 0.700000 0.700000 0.700000 0.700000 0.700000 0.700000 0.700000 0.700000 0.700000 0.700000 0.700000 0.700000 0.700000 0.700000 0.700000 0.700000 0.700000 0.700000 0.700000 0.700000 0.700000 0.700000 0.700000 0.700000 0.700000 0.700000 0.700000 0.700000 0.700000 0.700000 0.700000 0.700000 0.700000 0.700000 0.700000 0.700000 0.700000 0.700000 0.700000 0.700000 0.700000 0.700000 0.700000 0.700000 0.700000 0.700000 0.700000 0.700000 0.700000 0.700000 0.700000 0.700000 0.700000 0.700000 0.700000 0.700000 0.700000 0.700000 0.700000 0.700000 0.700000 0.700000 0.700000 0.700000 0.700000 0.700000 0.700000 0.700000 0.700000 0.700000 0.700000 0.700000 0.700000 0.700000 0.700000 0.700000 0.700000 0.700000 0.700000 0.700000 0.700000 0.700000 0.700000 0.700000 0.700000 0.700000 0.700000 0.700000 0.700000 0.700000 0.700000 0.700000 0.700000 0.700000 0.700000 0.700000 0.700000 0.700000 0.700000 0.700000 0.700000 0.700000 0.700000 0.700000 0.700000 0.700000 0.700000 0.700000 0.700000 0.700000 0.700000 0.700000 0.700000 0.700000 0.700000 0.700000 0.700000 0.700000 0.700000 0.700000 0.700000 0.700000 0.700000 0.700000 0.700000 0.700000 0.700000 0.700000 0.700000 0.700000 0.700000 0.700000 0.700000 0.700000 0.700000 0.700000 0.700000 0.700000 0.700000 0.700000 0.700000 0.700000 0.700000 0.700000 0.700000 0.700000 0.700000 0.700000 0.700000 0.700000 0.700000 0.700000 0.700000 0.700000 0.700000 0.700000 0.700000 0.700000 0.700000 0.700000 0.700000 0.700000 0.700000 0.700000 0.700000 0.700000 0.700000 0.700000 0.700000 0.700000 0.700000 0.700000 0.700000 0.700000 0.700000 0.700000 0.700000 0.700000 0.700000 0.700000 0.700000 0.700000 0.700000 0.700000 0.700000 0.700000 0.700000 0.700000 0.700000 0.700000 0.700000 0.700000 0.700000 0.700000 0.700000 0.700000 0.700000 0.700000 0.700000 0.700000 0.700000 0.700000 0.700000 0.700000 0.700000 0.700000 0.700000 0.700000 0.700000 0.700000 0.700000 0.700000 0.700000 0.700000 0.700000 0.700000 0.700000 0.700000 0.700000 0.700000 0.700000 0.700000 0.700000 0.700000 0.700000 0.700000 0.700000 0.700000 0.700000 0.700000 0.700000 0.700000 0.700000 0.700000 0.700000 0.700000 0.700000 0.700000 0.700000 0.700000 0.700000 0.700000 0.700000 0.700000 0.700000 0.700000 0.700000 0.700000 0.700000 0.700000 0.700000 0.700000 0.700000 0.700000 0.700000 0.700000 0.700000 0.700000 0.700000 0.700000 0.700000 0.700000 0.700000 0.700000 0.700000 0.700000 0.700000 0.700000 0.700000 0.700000 0.700000 0.700000 0.700000 0.700000 0.700000 0.700000 0.700000 0.700000 0.700000 0.700000 0.700000 0.700000 0.700000 0.700000 0.700000 0.700000 0.700000 0.700000 0.700000 0.700000 0.700000 0.700000 0.700000 0.700000 0.700000 0.700000 0.700000 0.700000 0.700000 0.700000 0.700000 0.700000 0.700000 0.700000 0.700000 0.700000 0.700000 0.700000 0.700000 0.700000 0.700000 0.700000 0.700000 0.700000 0.700000 0.700000 0.700000 0.700000 0.700000 0.700000 0.700000 0.700000 0.700000 0.700000 0.700000 0.700000 0.700000 0.700000 0.700000 0.700000 0.700000 0.700000 0.700000 0.700000 0.700000 0.700000 0.700000 0.700000 0.700000 0.700000 0.700000 0.700000 0.700000 0.700000 0.700000 0.700000 0.700000 0.700000 0.700000 0.700000 0.700000 0.700000 0.700000 0.700000 0.700000 0.700000 0.700000 0.700000 0.700000 0.700000 0.700000 0.700000 0.700000 0.700000 0.700000 0.700000 0.700000 0.700000 0.700000 0.700000 0.700000 0.700000 0.700000 0.700000 0.700000 0.700000 0.700000 0.700000 0.700000 0.700000 0.700000'/>
				</IndexedLineSet>
				<Appearance>
					<Material specularColor='.6 .6 .6' shininess='0.95'/>
				</Appearance>
			</Shape>
			<Shape>
				<IndexedFaceSet solid='false' ccw='false' coordIndex='19 0 100 -1 20 19 107 -1 19 100 107 -1 3 58 108 -1 58 59 108 -1 135 125 141 -1 141 125 147 -1 50 51 161 -1 52 2 161 -1 51 52 161 -1 93 71 162 -1 119 116 166 -1 131 119 166 -1 131 166 167 -1 139 112 172 -1 171 139 172 -1 80 65 174 -1 80 174 175 -1 131 167 178 -1 57 4 181 -1 4 90 181 -1 90 101 181 -1 147 164 182 -1 165 166 183 -1 126 103 185 -1 168 169 186 -1 148 168 186 -1 164 137 188 -1 182 164 188 -1 180 182 188 -1 137 126 188 -1 187 180 188 -1 126 185 188 -1 189 184 192 -1 97 94 194 -1 99 97 194 -1 1 77 195 -1 187 188 197 -1 188 185 197 -1 123 151 199 -1 102 89 202 -1 202 89 203 -1 147 182 204 -1 182 180 204 -1 180 189 204 -1 189 192 204 -1 148 186 205 -1 123 105 206 -1 196 193 206 -1 151 163 207 -1 163 190 207 -1 190 199 207 -1 199 151 207 -1 165 183 210 -1 184 190 210 -1 192 184 210 -1 148 134 211 -1 1 53 212 -1 77 1 212 -1 85 77 212 -1 209 85 212 -1 205 186 213 -1 186 208 213 -1 54 55 214 -1 55 56 214 -1 53 54 214 -1 212 53 214 -1 209 212 214 -1 92 91 215 -1 94 92 215 -1 194 94 217 -1 94 215 217 -1 193 196 218 -1 201 193 218 -1 87 85 219 -1 85 209 219 -1 209 216 219 -1 216 209 221 -1 105 102 222 -1 206 105 222 -1 102 202 222 -1 196 206 222 -1 208 201 223 -1 213 208 223 -1 201 218 223 -1 79 89 224 -1 98 84 225 -1 84 81 225 -1 91 87 226 -1 87 219 226 -1 219 216 226 -1 61 57 227 -1 201 208 228 -1 86 96 229 -1 101 98 230 -1 181 101 230 -1 98 225 230 -1 57 181 230 -1 227 57 230 -1 163 165 231 -1 165 210 231 -1 190 163 231 -1 210 190 231 -1 193 201 232 -1 201 228 232 -1 216 221 233 -1 103 99 234 -1 99 194 234 -1 185 103 234 -1 197 185 234 -1 184 189 235 -1 189 198 235 -1 56 60 236 -1 209 214 236 -1 221 209 236 -1 214 56 236 -1 89 102 238 -1 224 89 238 -1 104 111 239 -1 123 199 240 -1 190 184 240 -1 184 237 240 -1 199 190 240 -1 217 215 241 -1 187 197 242 -1 200 187 242 -1 194 217 242 -1 217 241 242 -1 234 194 242 -1 197 234 242 -1 70 61 243 -1 177 179 244 -1 233 221 246 -1 221 236 246 -1 81 79 249 -1 79 224 249 -1 225 81 249 -1 82 70 250 -1 70 247 250 -1 116 125 252 -1 166 116 252 -1 125 135 252 -1 135 141 252 -1 141 147 252 -1 147 204 252 -1 204 192 252 -1 183 166 252 -1 210 183 252 -1 192 210 252 -1 83 80 253 -1 80 175 253 -1 249 224 254 -1 61 227 256 -1 243 61 256 -1 227 230 256 -1 230 225 256 -1 225 247 256 -1 247 243 256 -1 233 255 257 -1 134 148 259 -1 184 235 261 -1 237 184 261 -1 224 238 262 -1 254 224 262 -1 238 251 262 -1 60 64 263 -1 236 60 263 -1 226 216 265 -1 216 233 265 -1 233 257 265 -1 215 91 266 -1 91 226 266 -1 241 215 266 -1 257 241 266 -1 226 265 266 -1 265 257 266 -1 123 206 267 -1 206 193 267 -1 193 232 267 -1 117 124 268 -1 83 253 269 -1 128 133 270 -1 258 128 270 -1 71 78 272 -1 78 248 272 -1 196 222 274 -1 35 33 275 -1 36 35 275 -1 70 243 276 -1 243 247 276 -1 247 70 276 -1 93 73 277 -1 73 82 277 -1 82 250 277 -1 250 247 277 -1 68 69 278 -1 64 68 278 -1 263 64 278 -1 246 236 278 -1 236 263 278 -1 133 134 279 -1 134 259 279 -1 258 270 279 -1 270 133 279 -1 200 242 280 -1 242 241 280 -1 33 31 281 -1 275 33 281 -1 31 34 281 -1 70 82 283 -1 271 70 283 -1 95 88 285 -1 96 95 285 -1 279 259 286 -1 258 279 286 -1 233 246 288 -1 255 233 288 -1 175 179 291 -1 253 175 291 -1 269 253 291 -1 277 247 292 -1 241 257 293 -1 257 255 293 -1 191 200 294 -1 200 280 294 -1 280 241 294 -1 241 293 294 -1 259 148 295 -1 286 259 295 -1 273 286 295 -1 26 23 296 -1 34 26 296 -1 281 34 296 -1 32 28 298 -1 73 93 299 -1 93 245 299 -1 77 85 300 -1 83 269 301 -1 269 291 301 -1 291 179 301 -1 186 169 302 -1 208 186 302 -1 169 167 302 -1 228 208 302 -1 148 205 304 -1 295 148 304 -1 205 213 304 -1 255 288 306 -1 293 255 306 -1 294 293 306 -1 20 107 309 -1 107 104 309 -1 104 239 309 -1 303 220 310 -1 287 273 311 -1 41 36 312 -1 36 275 312 -1 70 271 313 -1 289 287 314 -1 287 311 314 -1 218 196 315 -1 297 218 315 -1 196 274 315 -1 274 297 315 -1 71 272 316 -1 290 71 316 -1 13 17 318 -1 258 286 319 -1 286 273 319 -1 312 275 321 -1 126 137 322 -1 275 281 323 -1 321 275 323 -1 258 319 323 -1 25 21 324 -1 27 25 324 -1 28 27 324 -1 292 247 325 -1 88 83 326 -1 285 88 326 -1 83 301 326 -1 301 179 326 -1 162 71 327 -1 71 290 327 -1 290 316 327 -1 273 287 328 -1 287 289 328 -1 312 321 328 -1 239 111 329 -1 222 202 330 -1 274 222 330 -1 82 73 331 -1 109 106 332 -1 110 109 332 -1 22 20 335 -1 20 309 335 -1 24 22 335 -1 309 239 335 -1 239 329 335 -1 61 70 336 -1 70 313 336 -1 29 43 338 -1 61 336 339 -1 240 237 340 -1 237 308 340 -1 317 300 341 -1 86 229 342 -1 78 86 342 -1 248 78 342 -1 272 248 342 -1 195 77 344 -1 77 300 344 -1 21 1 344 -1 324 21 344 -1 1 195 344 -1 300 317 344 -1 313 271 346 -1 336 313 346 -1 110 332 347 -1 345 110 347 -1 213 223 350 -1 304 213 350 -1 106 108 351 -1 332 106 351 -1 108 59 351 -1 347 332 351 -1 176 173 352 -1 105 123 353 -1 123 240 353 -1 240 340 353 -1 340 251 353 -1 10 9 354 -1 9 5 354 -1 283 82 355 -1 82 331 355 -1 235 198 358 -1 136 121 359 -1 121 348 359 -1 303 310 361 -1 322 303 361 -1 63 66 362 -1 343 63 362 -1 66 67 362 -1 347 351 362 -1 351 343 362 -1 93 162 363 -1 162 327 363 -1 245 93 363 -1 299 245 363 -1 73 299 364 -1 331 73 364 -1 305 284 366 -1 72 74 367 -1 246 278 367 -1 69 72 367 -1 278 69 367 -1 254 262 368 -1 320 254 368 -1 179 177 369 -1 326 179 369 -1 285 326 369 -1 334 285 369 -1 62 63 371 -1 63 343 371 -1 59 62 371 -1 351 59 371 -1 343 351 371 -1 355 331 372 -1 121 118 373 -1 348 121 373 -1 271 283 374 -1 346 271 374 -1 283 355 374 -1 355 372 374 -1 127 130 378 -1 229 96 379 -1 96 285 379 -1 285 334 379 -1 334 369 379 -1 342 229 379 -1 377 342 379 -1 92 94 382 -1 352 173 383 -1 360 352 383 -1 379 360 383 -1 118 110 384 -1 110 345 384 -1 373 118 384 -1 345 347 384 -1 57 61 385 -1 61 339 385 -1 225 249 386 -1 249 254 386 -1 247 225 386 -1 254 320 386 -1 320 325 386 -1 325 247 386 -1 272 342 387 -1 342 377 387 -1 282 307 388 -1 337 282 388 -1 126 322 389 -1 177 176 390 -1 176 352 390 -1 352 360 390 -1 369 177 390 -1 360 379 390 -1 379 369 390 -1 370 103 391 -1 322 361 391 -1 361 370 391 -1 389 322 391 -1 126 389 391 -1 347 380 392 -1 384 347 392 -1 373 384 392 -1 17 15 393 -1 318 17 393 -1 15 10 393 -1 10 354 393 -1 339 336 395 -1 336 346 395 -1 377 379 396 -1 379 383 396 -1 387 377 396 -1 327 316 397 -1 392 380 398 -1 385 339 398 -1 339 395 398 -1 373 392 398 -1 316 272 399 -1 272 387 399 -1 397 316 399 -1 387 396 399 -1 319 273 400 -1 323 319 400 -1 273 328 400 -1 173 170 401 -1 383 173 401 -1 396 383 401 -1 397 399 403 -1 299 363 404 -1 363 394 404 -1 364 299 404 -1 331 364 404 -1 122 127 405 -1 127 378 405 -1 115 122 405 -1 115 405 406 -1 405 378 406 -1 23 24 407 -1 296 23 407 -1 329 296 407 -1 24 335 407 -1 335 329 407 -1 396 401 409 -1 401 170 409 -1 399 396 409 -1 403 399 409 -1 325 320 410 -1 333 325 410 -1 320 368 410 -1 136 359 412 -1 359 348 412 -1 130 136 412 -1 378 130 412 -1 348 373 412 -1 373 398 412 -1 45 41 413 -1 41 312 413 -1 43 45 413 -1 338 43 413 -1 312 328 413 -1 328 289 413 -1 289 338 413 -1 374 372 414 -1 372 331 414 -1 331 404 414 -1 404 394 414 -1 115 406 415 -1 406 378 415 -1 378 414 415 -1 346 374 416 -1 395 346 416 -1 398 395 416 -1 412 398 416 -1 113 115 417 -1 115 415 417 -1 415 414 417 -1 363 327 418 -1 327 397 418 -1 397 403 418 -1 403 411 418 -1 378 412 420 -1 412 416 420 -1 374 414 420 -1 416 374 420 -1 414 378 420 -1 67 4 421 -1 362 67 421 -1 347 362 421 -1 380 347 421 -1 99 103 422 -1 103 370 422 -1 370 361 422 -1 112 132 424 -1 172 112 424 -1 171 172 424 -1 170 171 424 -1 403 409 425 -1 411 403 425 -1 409 170 425 -1 170 424 425 -1 307 282 426 -1 282 349 426 -1 349 408 426 -1 419 65 427 -1 375 297 428 -1 314 311 428 -1 311 375 428 -1 297 376 428 -1 376 337 428 -1 337 388 428 -1 388 314 428 -1 394 363 429 -1 363 418 429 -1 114 113 430 -1 113 417 430 -1 120 114 430 -1 423 120 430 -1 430 417 431 -1 394 429 432 -1 430 431 432 -1 4 57 433 -1 57 385 433 -1 385 398 433 -1 398 380 433 -1 421 4 433 -1 380 421 433 -1 132 129 434 -1 411 425 434 -1 424 132 434 -1 425 424 434 -1 87 91 436 -1 85 87 436 -1 300 85 436 -1 341 300 436 -1 430 432 437 -1 432 429 437 -1 129 120 437 -1 434 129 437 -1 120 423 437 -1 418 411 437 -1 411 434 437 -1 429 418 437 -1 423 430 437 -1 29 338 438 -1 338 307 438 -1 307 426 438 -1 111 117 439 -1 117 268 439 -1 281 296 439 -1 323 281 439 -1 329 111 439 -1 296 329 439 -1 414 394 440 -1 417 414 440 -1 394 432 440 -1 431 417 440 -1 432 431 440 -1 38 32 441 -1 32 298 441 -1 151 123 442 -1 123 267 442 -1 381 264 443 -1 321 323 444 -1 323 400 444 -1 328 321 444 -1 400 328 444 -1 49 50 446 -1 50 161 446 -1 48 49 446 -1 262 251 448 -1 251 340 448 -1 340 308 448 -1 308 368 448 -1 368 262 448 -1 174 65 449 -1 175 174 449 -1 65 419 449 -1 307 338 451 -1 338 289 451 -1 388 307 451 -1 289 314 451 -1 314 388 451 -1 42 38 452 -1 38 441 452 -1 44 42 452 -1 47 44 452 -1 310 220 453 -1 220 435 453 -1 44 47 454 -1 358 198 455 -1 48 47 456 -1 47 452 456 -1 246 367 457 -1 361 310 458 -1 37 40 460 -1 438 426 460 -1 79 81 461 -1 288 246 462 -1 246 457 462 -1 166 165 463 -1 167 166 463 -1 302 167 463 -1 14 16 465 -1 16 13 465 -1 13 318 465 -1 65 75 466 -1 427 65 466 -1 42 44 467 -1 44 454 467 -1 435 305 468 -1 453 435 468 -1 305 366 468 -1 464 453 468 -1 74 76 470 -1 2 52 471 -1 357 2 471 -1 49 48 471 -1 52 51 471 -1 51 50 471 -1 50 49 471 -1 48 456 471 -1 456 452 471 -1 71 93 472 -1 93 277 472 -1 277 292 472 -1 306 288 474 -1 288 462 474 -1 426 408 476 -1 40 29 477 -1 29 438 477 -1 438 460 477 -1 460 40 477 -1 333 410 478 -1 410 368 478 -1 91 92 479 -1 92 382 479 -1 436 91 479 -1 137 164 480 -1 303 322 480 -1 322 137 480 -1 447 445 481 -1 455 447 481 -1 76 74 482 -1 365 76 482 -1 376 356 483 -1 356 461 483 -1 260 303 484 -1 303 480 484 -1 480 164 484 -1 462 457 485 -1 5 2 486 -1 2 357 486 -1 354 5 486 -1 357 471 486 -1 472 292 487 -1 261 235 488 -1 235 358 488 -1 450 261 488 -1 358 455 488 -1 455 473 488 -1 103 126 489 -1 126 391 489 -1 391 103 489 -1 38 42 490 -1 298 28 491 -1 28 324 491 -1 324 344 491 -1 441 298 491 -1 124 128 492 -1 128 258 492 -1 268 124 492 -1 258 323 492 -1 75 76 493 -1 76 365 493 -1 466 75 493 -1 365 482 493 -1 408 349 496 -1 476 408 496 -1 58 3 497 -1 59 58 497 -1 62 59 497 -1 461 356 498 -1 284 305 499 -1 381 284 499 -1 264 381 499 -1 47 48 502 -1 48 446 502 -1 454 47 502 -1 3 39 503 -1 39 402 503 -1 497 3 503 -1 274 330 504 -1 297 274 504 -1 376 297 504 -1 356 376 504 -1 330 498 504 -1 498 356 504 -1 318 393 505 -1 465 318 505 -1 39 37 506 -1 402 39 506 -1 37 460 506 -1 476 402 506 -1 460 426 506 -1 426 476 506 -1 198 191 507 -1 455 198 507 -1 447 455 507 -1 273 295 509 -1 311 273 509 -1 295 304 509 -1 304 350 509 -1 350 375 509 -1 375 311 509 -1 306 474 511 -1 191 294 511 -1 507 191 511 -1 294 306 511 -1 447 507 511 -1 292 325 512 -1 487 292 512 -1 325 333 512 -1 479 382 513 -1 176 177 514 -1 317 341 515 -1 481 445 516 -1 65 80 517 -1 68 64 518 -1 38 490 519 -1 161 150 520 -1 446 161 520 -1 150 502 520 -1 502 446 520 -1 156 160 522 -1 78 71 523 -1 86 78 523 -1 494 500 524 -1 333 478 525 -1 512 333 525 -1 457 367 526 -1 485 457 526 -1 367 74 526 -1 74 470 526 -1 170 173 527 -1 150 156 528 -1 501 502 528 -1 502 150 528 -1 471 452 529 -1 344 317 530 -1 491 344 530 -1 317 515 530 -1 244 179 531 -1 177 244 531 -1 514 177 531 -1 515 341 532 -1 76 75 533 -1 470 76 533 -1 75 65 533 -1 65 517 533 -1 42 467 534 -1 490 42 534 -1 519 490 534 -1 516 445 536 -1 517 516 536 -1 533 517 536 -1 366 284 538 -1 154 155 539 -1 527 173 542 -1 467 454 548 -1 454 502 548 -1 502 501 548 -1 534 467 548 -1 501 528 548 -1 89 79 550 -1 203 89 550 -1 202 203 550 -1 330 202 550 -1 79 461 550 -1 498 330 550 -1 461 498 550 -1 142 140 551 -1 140 138 552 -1 551 140 552 -1 71 472 553 -1 523 71 553 -1 535 523 553 -1 472 487 553 -1 487 546 553 -1 546 535 553 -1 139 171 554 -1 171 170 554 -1 170 527 554 -1 138 139 554 -1 552 138 554 -1 156 522 555 -1 528 156 555 -1 522 160 555 -1 548 528 555 -1 500 494 556 -1 478 450 557 -1 450 488 557 -1 488 473 557 -1 232 228 558 -1 267 232 558 -1 442 267 558 -1 555 160 559 -1 547 543 559 -1 543 555 559 -1 537 541 562 -1 541 544 562 -1 459 475 563 -1 542 537 564 -1 527 542 564 -1 554 527 564 -1 552 554 564 -1 537 562 564 -1 562 552 564 -1 176 514 566 -1 544 541 566 -1 514 531 566 -1 220 303 567 -1 303 260 567 -1 260 495 567 -1 323 439 570 -1 439 268 570 -1 268 492 570 -1 492 323 570 -1 153 152 571 -1 152 565 571 -1 157 153 571 -1 96 86 572 -1 86 523 572 -1 523 535 572 -1 571 565 573 -1 402 476 574 -1 503 402 574 -1 476 496 574 -1 497 503 574 -1 282 337 575 -1 349 282 575 -1 483 349 575 -1 337 376 575 -1 376 483 575 -1 552 562 576 -1 566 531 578 -1 560 577 578 -1 577 566 578 -1 228 302 579 -1 302 463 579 -1 558 228 579 -1 469 529 580 -1 529 452 580 -1 452 441 580 -1 441 491 580 -1 491 530 580 -1 515 469 580 -1 530 515 580 -1 145 143 582 -1 143 568 582 -1 366 538 583 -1 143 144 585 -1 568 143 585 -1 551 552 586 -1 552 576 586 -1 142 551 586 -1 445 485 587 -1 485 526 587 -1 526 470 587 -1 470 533 587 -1 536 445 587 -1 533 536 587 -1 516 517 588 -1 517 80 588 -1 80 83 588 -1 481 516 588 -1 169 168 589 -1 144 142 590 -1 142 586 590 -1 585 144 590 -1 586 576 590 -1 173 176 591 -1 541 537 591 -1 537 542 591 -1 542 173 591 -1 176 566 591 -1 566 541 591 -1 545 521 592 -1 159 157 593 -1 157 571 593 -1 571 573 593 -1 562 544 595 -1 576 562 595 -1 544 566 595 -1 566 577 595 -1 158 159 596 -1 159 593 596 -1 445 447 597 -1 485 445 597 -1 474 462 597 -1 462 485 597 -1 511 474 597 -1 447 511 597 -1 146 145 598 -1 145 582 598 -1 149 146 599 -1 146 598 599 -1 152 149 600 -1 565 152 600 -1 149 599 600 -1 160 154 601 -1 154 539 601 -1 547 559 601 -1 559 160 601 -1 419 427 602 -1 427 466 602 -1 179 175 602 -1 175 449 602 -1 531 179 602 -1 578 531 602 -1 449 419 602 -1 560 578 602 -1 155 158 604 -1 158 596 604 -1 539 155 604 -1 593 584 604 -1 584 603 604 -1 596 593 604 -1 603 592 605 -1 601 539 605 -1 539 604 605 -1 604 603 605 -1 592 521 606 -1 605 592 606 -1 577 581 607 -1 595 577 607 -1 576 595 607 -1 581 577 608 -1 565 600 609 -1 600 599 609 -1 518 64 610 -1 519 534 611 -1 534 548 611 -1 548 555 611 -1 555 543 611 -1 584 593 612 -1 573 565 613 -1 565 609 613 -1 593 573 614 -1 573 613 614 -1 592 603 615 -1 603 584 615 -1 584 612 615 -1 612 592 615 -1 83 88 616 -1 588 83 616 -1 481 588 616 -1 32 38 617 -1 38 519 617 -1 519 611 617 -1 582 568 618 -1 598 582 618 -1 599 598 618 -1 609 599 618 -1 546 508 619 -1 535 546 619 -1 500 513 620 -1 585 590 621 -1 590 576 621 -1 576 607 621 -1 607 581 621 -1 568 585 621 -1 618 568 621 -1 481 616 622 -1 475 264 623 -1 563 475 623 -1 569 563 623 -1 611 543 624 -1 237 261 625 -1 261 450 625 -1 308 237 625 -1 602 466 628 -1 560 602 628 -1 618 621 629 -1 621 581 629 -1 581 608 629 -1 608 626 629 -1 569 623 630 -1 592 612 631 -1 612 593 631 -1 593 614 631 -1 521 545 632 -1 543 547 633 -1 624 543 633 -1 469 515 634 -1 515 532 634 -1 529 469 634 -1 69 68 636 -1 624 633 637 -1 601 605 638 -1 605 606 638 -1 547 601 638 -1 633 547 638 -1 349 483 640 -1 483 461 640 -1 496 349 640 -1 569 630 641 -1 119 131 642 -1 131 178 642 -1 178 167 642 -1 510 540 643 -1 540 627 643 -1 165 163 644 -1 463 165 644 -1 579 463 644 -1 606 521 646 -1 521 632 646 -1 638 606 646 -1 637 633 646 -1 633 638 646 -1 545 592 647 -1 592 631 647 -1 632 545 647 -1 284 381 650 -1 368 308 651 -1 478 368 651 -1 450 478 651 -1 308 625 651 -1 625 450 651 -1 637 646 652 -1 609 618 653 -1 618 629 653 -1 629 626 653 -1 626 608 653 -1 487 512 654 -1 512 525 654 -1 525 561 654 -1 518 610 655 -1 74 72 656 -1 614 613 658 -1 572 535 659 -1 535 619 659 -1 583 538 660 -1 393 354 660 -1 354 643 660 -1 505 393 660 -1 627 583 660 -1 643 627 660 -1 631 614 661 -1 614 658 661 -1 647 631 661 -1 646 632 662 -1 648 594 662 -1 594 652 662 -1 652 646 662 -1 508 546 663 -1 561 508 663 -1 546 487 663 -1 487 654 663 -1 654 561 663 -1 473 455 665 -1 455 508 665 -1 508 561 665 -1 486 471 666 -1 471 529 666 -1 529 510 666 -1 354 486 666 -1 643 354 666 -1 510 643 666 -1 133 128 667 -1 658 613 668 -1 28 32 669 -1 32 617 669 -1 617 611 669 -1 264 499 670 -1 623 264 670 -1 630 623 670 -1 64 60 671 -1 60 649 671 -1 610 64 671 -1 649 657 671 -1 655 610 671 -1 657 655 671 -1 628 466 672 -1 577 560 672 -1 560 628 672 -1 608 577 672 -1 482 74 673 -1 74 656 673 -1 656 639 673 -1 613 609 674 -1 668 613 674 -1 609 653 674 -1 455 481 675 -1 481 622 675 -1 508 455 675 -1 619 508 675 -1 622 659 675 -1 659 619 675 -1 655 657 676 -1 657 635 676 -1 95 96 677 -1 96 572 677 -1 88 95 677 -1 616 88 677 -1 572 659 677 -1 622 616 677 -1 659 622 677 -1 72 69 678 -1 69 636 678 -1 656 72 678 -1 639 656 678 -1 567 495 679 -1 381 549 680 -1 650 381 680 -1 466 493 681 -1 672 466 681 -1 608 672 681 -1 468 366 683 -1 366 583 683 -1 583 627 683 -1 540 468 683 -1 627 540 683 -1 563 569 684 -1 569 645 684 -1 611 624 685 -1 669 611 685 -1 652 594 686 -1 661 658 687 -1 658 668 687 -1 647 661 687 -1 682 647 687 -1 538 284 688 -1 284 650 688 -1 505 660 688 -1 660 538 688 -1 653 608 690 -1 674 653 690 -1 68 518 691 -1 636 68 691 -1 518 655 691 -1 655 676 691 -1 676 682 691 -1 678 636 691 -1 14 465 692 -1 465 505 692 -1 680 549 692 -1 650 680 692 -1 505 688 692 -1 688 650 692 -1 667 641 693 -1 28 669 694 -1 669 685 694 -1 635 657 695 -1 648 662 695 -1 493 482 696 -1 681 493 696 -1 482 673 696 -1 673 690 696 -1 608 681 696 -1 690 608 696 -1 12 14 697 -1 14 692 697 -1 6 8 697 -1 8 11 697 -1 11 12 697 -1 692 549 697 -1 673 639 698 -1 690 673 698 -1 668 674 698 -1 674 690 698 -1 639 678 698 -1 682 687 699 -1 691 682 699 -1 687 668 699 -1 668 698 699 -1 678 691 699 -1 698 678 699 -1 56 55 701 -1 594 648 701 -1 464 468 702 -1 468 540 702 -1 540 689 702 -1 641 630 703 -1 630 670 703 -1 670 499 703 -1 701 648 704 -1 56 701 704 -1 163 151 705 -1 151 442 705 -1 442 558 705 -1 558 579 705 -1 579 644 705 -1 644 163 705 -1 495 260 706 -1 679 495 706 -1 700 679 706 -1 642 167 706 -1 657 649 707 -1 695 657 707 -1 60 56 707 -1 56 704 707 -1 649 60 707 -1 648 695 707 -1 704 648 707 -1 574 496 708 -1 497 574 708 -1 496 640 708 -1 640 664 708 -1 679 700 709 -1 647 682 710 -1 676 635 710 -1 682 676 710 -1 632 647 710 -1 635 695 710 -1 662 632 710 -1 695 662 710 -1 494 524 711 -1 524 464 711 -1 464 702 711 -1 556 494 711 -1 524 500 712 -1 500 620 712 -1 164 147 713 -1 484 164 713 -1 260 484 713 -1 706 260 713 -1 459 563 714 -1 563 684 714 -1 55 54 715 -1 701 55 715 -1 686 594 715 -1 594 701 715 -1 168 148 716 -1 589 168 716 -1 124 117 717 -1 97 99 718 -1 99 422 718 -1 422 361 718 -1 361 458 718 -1 712 620 718 -1 697 549 719 -1 525 478 720 -1 478 557 720 -1 557 473 720 -1 561 525 720 -1 473 665 720 -1 665 561 720 -1 341 436 721 -1 436 479 721 -1 479 513 721 -1 513 500 721 -1 532 341 721 -1 500 556 721 -1 556 532 721 -1 443 264 722 -1 264 475 722 -1 381 443 722 -1 549 381 722 -1 475 459 722 -1 459 719 722 -1 719 549 722 -1 532 556 723 -1 634 532 723 -1 702 689 724 -1 711 702 724 -1 634 723 724 -1 556 711 724 -1 723 556 724 -1 81 84 725 -1 461 81 725 -1 640 461 725 -1 664 640 725 -1 686 715 726 -1 715 54 726 -1 700 706 727 -1 709 700 727 -1 21 25 728 -1 540 510 729 -1 689 540 729 -1 510 529 729 -1 529 634 729 -1 634 724 729 -1 724 689 729 -1 54 53 730 -1 726 54 730 -1 686 726 730 -1 1 21 731 -1 21 728 731 -1 728 637 731 -1 223 218 732 -1 350 223 732 -1 375 350 732 -1 218 297 732 -1 297 375 732 -1 685 624 733 -1 694 685 733 -1 27 28 733 -1 28 694 733 -1 25 27 733 -1 728 25 733 -1 624 637 733 -1 637 728 733 -1 453 464 734 -1 464 524 734 -1 524 712 734 -1 709 727 735 -1 169 589 736 -1 589 735 736 -1 693 641 737 -1 641 703 737 -1 703 499 738 -1 709 737 738 -1 737 703 738 -1 637 652 739 -1 731 637 739 -1 1 731 739 -1 589 716 740 -1 735 589 740 -1 709 735 740 -1 737 709 740 -1 305 435 741 -1 499 305 741 -1 435 220 741 -1 220 567 741 -1 567 499 741 -1 667 693 742 -1 652 686 743 -1 739 652 743 -1 686 730 743 -1 1 739 743 -1 730 53 743 -1 569 641 744 -1 645 569 744 -1 641 667 744 -1 117 645 744 -1 717 117 744 -1 128 124 745 -1 667 128 745 -1 124 717 746 -1 745 124 746 -1 744 667 746 -1 667 745 746 -1 717 744 746 -1 134 133 747 -1 133 667 747 -1 667 742 747 -1 211 134 747 -1 102 105 748 -1 238 102 748 -1 251 238 748 -1 735 727 749 -1 736 735 749 -1 167 169 750 -1 706 167 750 -1 727 706 750 -1 169 736 750 -1 736 749 750 -1 749 727 750 -1 147 125 751 -1 116 119 751 -1 119 642 751 -1 125 116 751 -1 713 147 751 -1 642 706 751 -1 706 713 751 -1 148 211 752 -1 211 716 752 -1 716 148 752 -1 499 567 753 -1 738 499 753 -1 567 679 753 -1 679 709 753 -1 709 738 753 -1 714 684 754 -1 712 718 756 -1 718 458 756 -1 310 453 756 -1 453 734 756 -1 458 310 756 -1 734 712 756 -1 757 755 758 -1 755 757 760 -1 758 755 760 -1 759 761 762 -1 760 759 768 -1 759 762 768 -1 762 761 770 -1 758 760 772 -1 760 768 772 -1 155 154 773 -1 760 757 774 -1 143 145 777 -1 776 763 782 -1 777 776 782 -1 764 778 783 -1 773 154 785 -1 762 770 786 -1 785 762 786 -1 770 767 786 -1 773 785 786 -1 766 778 787 -1 778 764 787 -1 767 775 790 -1 786 767 790 -1 773 786 790 -1 774 789 791 -1 788 791 794 -1 791 789 794 -1 771 788 794 -1 771 779 796 -1 152 153 797 -1 768 762 798 -1 762 785 798 -1 794 789 800 -1 154 160 801 -1 785 154 801 -1 144 143 802 -1 143 777 802 -1 779 771 804 -1 787 779 804 -1 771 794 805 -1 794 793 805 -1 804 771 805 -1 765 783 806 -1 783 778 806 -1 777 782 807 -1 800 792 809 -1 793 794 809 -1 794 800 809 -1 84 98 810 -1 98 101 810 -1 664 725 810 -1 725 84 810 -1 803 795 812 -1 18 7 813 -1 7 6 813 -1 6 697 813 -1 697 719 813 -1 149 152 814 -1 152 797 814 -1 145 146 815 -1 777 145 815 -1 776 777 815 -1 146 149 815 -1 149 814 815 -1 797 776 815 -1 814 797 815 -1 763 776 816 -1 776 797 816 -1 153 157 816 -1 797 153 816 -1 782 763 817 -1 780 781 818 -1 781 765 818 -1 765 806 818 -1 774 757 820 -1 789 774 820 -1 757 758 820 -1 758 772 820 -1 792 800 820 -1 800 789 820 -1 775 767 821 -1 799 775 821 -1 775 799 822 -1 766 787 823 -1 787 804 823 -1 824 811 825 -1 816 157 826 -1 773 790 826 -1 825 811 828 -1 804 805 829 -1 823 804 829 -1 807 782 830 -1 782 817 830 -1 812 795 831 -1 795 803 832 -1 811 795 832 -1 784 830 834 -1 781 780 835 -1 833 781 835 -1 788 771 836 -1 771 796 836 -1 791 788 836 -1 382 94 837 -1 513 382 837 -1 620 513 837 -1 94 97 837 -1 97 718 837 -1 718 620 837 -1 767 770 838 -1 821 767 838 -1 836 821 838 -1 759 760 839 -1 761 759 839 -1 760 774 839 -1 774 791 839 -1 770 761 839 -1 838 770 839 -1 791 836 839 -1 836 838 839 -1 158 155 840 -1 160 156 842 -1 801 160 842 -1 798 785 842 -1 785 801 842 -1 790 775 843 -1 775 822 843 -1 816 826 843 -1 826 790 843 -1 765 781 844 -1 764 783 844 -1 783 765 844 -1 781 833 844 -1 763 816 845 -1 816 843 845 -1 843 822 845 -1 832 803 846 -1 841 832 846 -1 803 835 846 -1 808 841 846 -1 819 822 848 -1 822 799 848 -1 799 821 848 -1 821 836 848 -1 841 808 849 -1 778 766 850 -1 766 823 850 -1 817 763 852 -1 763 845 852 -1 845 822 852 -1 159 158 853 -1 157 159 853 -1 826 157 853 -1 158 840 853 -1 155 773 853 -1 840 155 853 -1 773 826 853 -1 844 833 854 -1 830 817 855 -1 693 737 857 -1 737 740 857 -1 740 716 857 -1 742 693 857 -1 747 742 857 -1 716 211 857 -1 211 747 857 -1 822 819 858 -1 852 822 858 -1 817 852 858 -1 855 817 858 -1 803 812 859 -1 833 835 859 -1 835 803 859 -1 812 831 859 -1 854 833 859 -1 831 851 859 -1 142 144 860 -1 144 802 860 -1 140 142 860 -1 802 777 860 -1 777 807 860 -1 834 830 861 -1 830 855 861 -1 856 834 861 -1 784 834 862 -1 834 856 862 -1 832 841 863 -1 841 849 863 -1 769 847 864 -1 862 769 864 -1 780 818 865 -1 795 811 867 -1 831 795 867 -1 811 824 867 -1 851 831 867 -1 820 772 868 -1 859 851 869 -1 851 867 869 -1 819 848 870 -1 858 819 870 -1 844 854 870 -1 779 787 871 -1 787 764 871 -1 796 779 871 -1 836 796 871 -1 848 836 871 -1 764 844 871 -1 844 870 871 -1 870 848 871 -1 832 863 872 -1 113 114 873 -1 115 113 873 -1 867 824 874 -1 866 827 874 -1 869 867 874 -1 825 828 875 -1 824 825 875 -1 808 846 876 -1 846 835 876 -1 835 780 876 -1 780 865 876 -1 827 847 877 -1 847 769 877 -1 769 862 877 -1 862 856 877 -1 869 874 877 -1 874 827 877 -1 793 809 878 -1 805 793 878 -1 829 805 878 -1 849 808 879 -1 808 876 879 -1 859 869 880 -1 861 855 880 -1 855 858 880 -1 858 870 880 -1 854 859 880 -1 870 854 880 -1 856 861 880 -1 877 856 880 -1 869 877 880 -1 768 798 881 -1 798 842 881 -1 772 768 881 -1 868 772 881 -1 807 830 882 -1 830 784 882 -1 784 862 882 -1 847 827 883 -1 827 866 883 -1 873 847 883 -1 115 873 883 -1 43 29 884 -1 117 111 885 -1 645 117 885 -1 684 645 885 -1 111 104 885 -1 104 754 885 -1 754 684 885 -1 864 847 886 -1 806 778 887 -1 778 850 887 -1 818 806 887 -1 847 873 888 -1 873 114 888 -1 114 120 888 -1 120 886 888 -1 886 847 888 -1 866 874 889 -1 874 824 889 -1 824 875 889 -1 105 353 890 -1 353 251 890 -1 251 748 890 -1 748 105 890 -1 9 10 891 -1 129 132 892 -1 842 156 893 -1 881 842 893 -1 156 150 893 -1 150 881 893 -1 45 43 894 -1 849 879 894 -1 884 849 894 -1 29 40 895 -1 884 29 895 -1 863 849 895 -1 849 884 895 -1 43 884 896 -1 884 894 896 -1 894 43 896 -1 792 820 897 -1 820 868 897 -1 122 115 898 -1 115 883 898 -1 889 122 898 -1 883 866 898 -1 866 889 898 -1 120 129 899 -1 66 63 900 -1 63 62 900 -1 62 708 900 -1 4 67 900 -1 708 664 900 -1 67 66 900 -1 121 136 901 -1 875 828 901 -1 809 792 902 -1 878 809 902 -1 792 897 902 -1 138 140 903 -1 140 860 903 -1 112 139 903 -1 132 112 903 -1 892 132 903 -1 882 892 903 -1 139 138 903 -1 860 807 903 -1 807 882 903 -1 136 130 904 -1 130 127 904 -1 127 122 904 -1 122 889 904 -1 889 875 904 -1 875 901 904 -1 901 136 904 -1 811 832 905 -1 832 872 905 -1 872 863 905 -1 10 15 906 -1 891 10 906 -1 868 891 906 -1 15 17 907 -1 906 15 907 -1 897 868 907 -1 868 906 907 -1 865 818 908 -1 818 887 908 -1 110 118 909 -1 862 864 910 -1 864 886 910 -1 882 862 910 -1 892 882 910 -1 129 892 910 -1 899 129 910 -1 886 120 910 -1 120 899 910 -1 901 828 911 -1 909 901 911 -1 118 121 912 -1 909 118 912 -1 121 901 912 -1 901 909 912 -1 35 36 913 -1 33 35 913 -1 887 850 914 -1 828 811 915 -1 811 905 915 -1 911 828 915 -1 13 16 916 -1 16 902 916 -1 902 897 916 -1 17 13 916 -1 907 17 916 -1 897 907 916 -1 16 14 917 -1 902 16 917 -1 908 887 918 -1 887 914 918 -1 41 45 919 -1 45 894 919 -1 894 879 919 -1 36 41 919 -1 913 36 919 -1 879 913 919 -1 109 110 920 -1 110 909 920 -1 909 911 920 -1 106 109 920 -1 876 865 921 -1 879 876 921 -1 913 879 921 -1 865 908 921 -1 908 918 921 -1 150 161 922 -1 881 150 922 -1 2 5 922 -1 161 2 922 -1 5 9 922 -1 868 881 922 -1 891 868 922 -1 14 12 923 -1 917 14 923 -1 878 902 923 -1 902 917 923 -1 823 829 924 -1 850 823 924 -1 40 37 925 -1 895 40 925 -1 863 895 925 -1 905 863 925 -1 829 878 926 -1 104 107 927 -1 754 104 927 -1 714 754 927 -1 813 719 928 -1 719 459 929 -1 928 719 929 -1 459 714 929 -1 53 1 930 -1 1 743 930 -1 743 53 930 -1 100 0 931 -1 107 100 931 -1 927 107 931 -1 914 850 932 -1 850 924 932 -1 9 891 933 -1 891 922 933 -1 922 9 933 -1 62 497 934 -1 497 708 934 -1 708 62 934 -1 90 4 935 -1 101 90 935 -1 664 810 935 -1 810 101 935 -1 900 664 935 -1 878 923 936 -1 926 878 936 -1 914 932 937 -1 924 829 938 -1 829 926 938 -1 18 813 939 -1 813 928 939 -1 11 8 940 -1 12 11 940 -1 923 12 940 -1 936 923 940 -1 8 6 940 -1 6 7 940 -1 7 926 940 -1 926 936 940 -1 31 33 941 -1 33 913 941 -1 913 921 941 -1 921 918 941 -1 37 39 942 -1 39 3 942 -1 911 915 942 -1 925 37 942 -1 915 905 942 -1 905 925 942 -1 931 0 943 -1 0 46 943 -1 939 928 943 -1 46 30 943 -1 30 18 943 -1 18 939 943 -1 24 23 944 -1 22 24 944 -1 914 937 944 -1 7 18 945 -1 926 7 945 -1 18 30 945 -1 938 926 945 -1 30 46 945 -1 932 924 945 -1 924 938 945 -1 937 932 945 -1 34 31 946 -1 31 941 946 -1 23 26 946 -1 944 23 946 -1 26 34 946 -1 918 914 946 -1 914 944 946 -1 941 918 946 -1 4 900 947 -1 900 935 947 -1 935 4 947 -1 108 106 948 -1 3 108 948 -1 942 3 948 -1 106 920 948 -1 920 911 948 -1 911 942 948 -1 714 927 949 -1 929 714 949 -1 928 929 949 -1 943 928 949 -1 927 931 949 -1 931 943 949 -1 180 187 950 -1 191 198 950 -1 189 180 950 -1 198 189 950 -1 187 200 950 -1 200 191 950 -1 20 22 951 -1 22 944 951 -1 944 937 951 -1 19 20 952 -1 20 951 952 -1 951 937 952 -1 46 0 953 -1 0 945 953 -1 945 46 953 -1 937 945 954 -1 952 937 954 -1 945 0 954 -1 0 19 954 -1 19 952 954 -1' colorPerVertex='true' convex='true'>
					<Coordinate point='93.739150 82.135730 2.590160 -117.629800 83.173100 36.450880 -28.965670 99.083080 46.341430 112.397900 -90.170610 10.612450 84.084000 -135.433900 -16.347260 -16.968030 95.712120 41.367340 52.103480 82.123760 16.025160 55.341810 81.787470 14.948380 45.840240 82.856050 18.125710 -10.235080 93.944970 38.658790 -6.703154 93.037740 37.259920 42.757610 83.244190 19.171830 36.192380 84.191590 21.425590 16.135220 87.815680 28.575750 33.547070 84.615740 22.346290 0.286229 91.324870 34.535880 19.721520 87.097280 27.266950 9.236395 89.260630 31.134550 66.415670 80.929100 11.335540 94.001270 64.470000 2.719820 94.080340 60.837190 2.758230 -102.786500 85.282520 37.869410 94.349920 51.177950 2.889070 94.706770 41.742200 3.060140 94.381150 50.235370 2.904220 -93.766910 86.579030 38.677560 94.916540 37.142570 3.160650 -89.571250 87.214290 39.072720 -87.362570 87.553400 39.279310 100.325300 -27.769170 5.415240 68.092380 80.849450 10.797550 95.294180 28.881210 3.323110 -76.113890 89.403550 40.387180 95.794250 20.121530 3.519970 95.246230 29.811510 3.304410 96.023910 16.543310 3.611880 96.416750 10.734660 3.780320 104.623700 -55.189670 7.265250 -73.556570 89.838060 40.652510 107.604200 -69.997250 8.532950 102.310900 -41.584000 6.265400 97.209950 0.946187 4.101930 -62.992620 91.766340 41.814350 99.078950 -17.573940 4.883690 -61.060680 92.139170 42.037160 97.921530 -6.720209 4.400450 69.093520 80.810280 10.477060 -52.824050 93.766070 43.041320 -50.244720 94.291650 43.368920 -47.570680 94.850160 43.716590 -45.147200 95.367490 44.038470 -40.848870 96.304900 44.621690 -39.153090 96.691130 44.857770 -112.985200 59.564190 37.002580 -110.667400 50.940260 37.162630 -108.077900 42.352380 37.346740 -104.300700 31.328400 37.621610 67.633850 -127.380200 -11.314850 103.557100 -102.910700 3.074250 102.871300 -103.935700 2.469940 -99.019750 17.983030 37.986940 47.281970 -116.775900 -4.871520 100.259900 -107.883600 0.145570 99.577670 -108.926500 -0.465140 -94.779480 8.411253 38.290890 -65.683890 -43.561900 40.695350 95.254580 -115.774300 -4.474440 94.616330 -116.804300 -5.077780 -89.747640 -2.021732 38.666700 -86.531780 -8.249981 38.913820 31.696510 -108.194700 0.329790 -16.351590 -78.945540 18.273020 -84.917330 -11.283460 39.042360 8.559757 -94.682960 8.576430 -82.049030 -16.500480 39.272820 -72.811630 -32.265000 40.054500 -73.922630 -30.446870 39.957780 -86.759440 60.619870 9.909090 -28.507720 -70.774310 23.366080 34.850250 -59.399780 -42.070846 -54.389300 -52.184940 35.142430 45.376570 -75.226480 -37.104160 20.086950 -101.540000 4.390820 -52.540830 -53.567760 34.257700 47.994690 -79.170500 -35.828440 -74.356670 51.267160 -0.685430 -31.857710 -68.458480 24.819610 -56.951770 37.874910 -15.260080 -44.469480 -59.498100 30.479720 31.373630 -54.737330 -43.307999 67.176790 -108.868800 -25.706050 -47.839020 30.658330 -22.652630 -47.041730 30.014570 -23.281550 -2.209123 -88.043650 12.650360 -39.088290 23.511390 -29.453230 -42.323790 -61.049560 29.495410 -41.212270 -61.849450 28.988730 -35.981970 20.991920 -31.799200 55.024460 -90.001050 -32.191520 -32.891500 18.349110 -34.095560 75.525060 61.148630 -10.340110 57.445640 -93.656210 -30.968250 22.588920 -44.502050 -45.309204 -30.156470 16.085110 -35.953360 65.534810 49.636650 -17.377540 17.199150 -38.634790 -46.144118 69.128090 -68.594810 24.384690 67.243490 51.638840 -16.180190 77.978140 -73.155170 21.520060 63.236240 -65.520040 26.316500 60.459960 -64.059760 27.235790 53.806990 36.217740 -25.483990 -2.958335 -28.677620 50.000000 16.104670 -39.751080 42.769770 15.666490 -39.500830 42.932070 19.127680 -41.469990 41.657460 -0.121168 -1.270021 -48.538615 52.015530 34.186920 -26.708140 50.799290 -58.930150 30.480240 0.006627 -1.221463 -48.510219 9.034109 -35.688480 45.410720 47.864110 -57.352760 31.480700 28.277120 -46.619390 38.338680 12.078670 -32.307670 -46.836665 43.138560 24.328810 -32.662570 -0.680225 -0.993181 -48.334177 -23.600480 11.707140 -39.365720 30.486360 -47.849670 37.548310 41.184180 22.169600 -33.947150 2.892358 -32.117060 47.742570 31.351390 -48.330150 37.240370 0.566777 -1.047484 -48.397567 1.409907 -31.248800 48.310960 34.907670 15.524800 -37.886040 34.451130 15.055490 -38.163390 -1.252935 -0.709580 -48.124746 34.476110 -50.059500 36.133500 -20.146220 9.692178 -40.839960 -6.809956 -17.452670 49.456140 -4.732516 -23.624950 49.748280 -7.399411 -15.650920 49.374370 -1.800109 -0.392329 -47.912411 -8.794270 -11.256760 49.179840 -10.316100 -6.300068 48.972080 -9.729859 -8.232934 49.051780 -11.470520 -2.395233 48.815010 -11.620250 -1.878960 48.794720 -3.527132 0.608998 -47.242225 27.150700 8.299339 -42.349990 -12.260070 0.358549 48.708570 -24.841100 59.848150 47.119270 7.867385 -25.364230 -47.446648 -13.068310 3.248662 48.600210 -13.879680 6.223914 48.491860 -18.035500 22.905140 47.979420 -16.383670 15.939620 48.180070 -21.837360 41.313670 47.523510 -14.696610 9.303379 48.388030 -15.510450 12.458910 48.286960 -15.329650 11.752940 48.309160 -19.049690 27.459570 47.856230 -25.501910 64.679110 47.027310 -9.002284 -82.226910 16.325510 4.846660 -18.776320 -47.848488 -15.291140 7.032458 -42.728900 2.577945 -11.956560 -48.143392 1.049451 -6.014908 -48.359929 4.892670 0.117225 -47.620991 21.417620 5.030989 -44.446107 17.040030 3.534806 -45.428309 -10.770520 -30.933050 48.643040 -8.882479 -30.397890 48.964560 -6.711189 -29.775630 49.338160 -15.007580 -32.108270 47.937030 -49.809050 -40.492590 42.877450 -49.764970 -40.483300 42.883210 -28.295940 -35.563890 45.862270 -29.777830 -35.929440 45.641470 2.975265 0.093699 -47.641820 -37.651470 -37.805430 44.507700 -18.114570 -5.168477 -38.621990 48.444320 -97.282550 -21.789410 -14.872530 5.152833 -42.657150 1.566192 -11.388990 -47.730656 -7.692805 -16.160720 -41.399318 -28.728460 11.118010 -35.804050 22.551640 3.554405 -44.165941 -27.248200 -1.763245 -31.701240 -22.227140 6.806861 -39.177020 -14.865000 -11.393010 -38.190470 -0.573988 -20.388320 -44.167269 -28.826890 -11.437860 -24.090950 -10.648190 -9.963511 -41.815349 23.003440 -21.053020 -44.484386 -37.357580 14.564550 -28.655970 -73.575350 60.878490 9.325990 29.153710 -25.447850 -42.314714 -29.992340 4.275414 -31.968510 -22.874230 -16.123670 -27.120670 3.761846 -27.226820 -43.585211 -29.916930 -3.558369 -27.933420 25.457790 -12.113580 -43.436684 28.422150 -41.573120 -43.469760 31.461910 -46.720960 -42.561165 -12.689370 -3.668370 -42.220931 27.777120 3.377267 -42.171793 21.667690 -29.582210 -45.024258 4.333047 -23.223070 -46.042263 24.120290 -5.494377 -43.786706 -66.911210 26.460170 -1.695320 -3.594713 -14.006810 -44.569109 28.636700 11.957100 -39.957640 -78.595210 41.101930 5.971360 28.484510 -2.562536 -41.929161 -87.429600 34.931050 17.483470 -44.503970 17.295960 -22.224680 -57.230470 21.233570 -10.181550 -40.191000 13.352990 -25.259690 30.596390 -15.610970 -41.152724 -57.657230 32.826970 -13.411680 -9.096302 26.678040 -28.430820 -60.831680 9.907388 -1.117970 25.072390 -35.756640 -44.304674 29.434380 -9.180853 -41.586344 22.811300 -55.936040 -36.171490 27.964730 -71.489390 -27.476360 -51.462280 19.986140 -15.891240 36.123980 -90.965130 -17.740090 18.521590 -7.823113 -45.290877 -31.224940 -62.317280 28.941660 35.277200 -85.218790 -21.825630 1.312323 -16.721670 -46.444103 20.509500 -14.568520 -44.939967 -53.031830 9.656427 -9.722940 -32.115800 10.126780 -32.186660 -15.942770 -21.120940 -30.478900 -74.175210 12.600310 12.566720 -4.481003 -31.676910 -33.182550 19.154710 -51.383270 -37.018150 67.802720 40.587080 -15.850750 1.455066 -29.224270 -40.241541 -40.114840 5.356243 -21.814720 -33.046280 3.124874 -28.257000 23.667840 -84.071620 -13.563870 -35.061220 -34.704200 44.901590 3.061135 -82.525880 16.285610 -55.808300 -0.976025 -0.721490 11.446900 -69.355350 -15.734430 -23.681750 -63.244010 28.331980 27.326660 -66.081640 -31.380100 16.325580 -90.813150 -1.592090 7.578636 -42.027640 -35.340480 -5.738884 -7.553643 -44.891938 -44.080070 -44.487100 40.287700 9.179952 -53.480900 -27.205360 -48.910150 5.886555 -12.390180 32.352060 -86.325920 -18.641340 -47.073210 7.884573 -15.449120 44.500970 13.862970 -31.964490 34.901450 10.031890 -37.993160 -6.254745 13.489440 -38.611570 -11.867930 -26.826540 -30.056410 8.802863 -48.218980 -31.256100 -80.935650 6.834712 23.356500 14.514770 37.354720 -21.107840 -53.484700 17.733170 -12.823230 -47.234250 16.059870 -18.867850 18.005210 -22.664280 -45.607204 52.457420 22.853600 -26.560810 -42.616370 -44.160280 40.489660 41.191870 16.722670 -34.027490 30.298740 -92.821410 9.913660 -16.592080 -64.368310 27.601220 45.658610 0.498897 -31.481410 33.842020 -28.861030 -39.853500 69.342820 12.658010 -15.181410 24.138180 -88.866160 -9.886080 -0.085484 -74.441620 -1.040180 -66.973690 -2.853242 13.138380 38.009200 13.301360 -36.058260 -35.299870 1.062577 -24.787120 68.831080 19.690080 -15.394920 55.136620 -26.625710 -26.141630 26.710110 -90.772960 11.170720 2.196444 41.059830 -16.560610 -31.630620 -48.928500 37.388870 38.496240 7.269800 -35.870600 46.469190 -6.771496 -31.138970 -47.718160 -1.872847 -9.304180 58.076710 -8.502023 -23.455690 -8.821732 -65.265620 27.007340 -43.338070 -42.989380 41.242600 -1.959223 -61.175710 -10.695840 -42.425130 3.664565 -18.410880 -39.559480 -2.447412 -18.121860 35.395110 4.081236 -37.797360 68.388860 27.170870 -15.603160 35.181500 -19.412590 -38.635040 -56.476400 69.301380 17.117620 7.868491 -82.201930 16.468580 -53.629320 52.978280 -0.313720 -41.184150 -43.840600 40.685200 16.774210 -1.769293 -45.505793 -12.393890 14.349690 -37.814560 32.078310 0.728207 -39.816500 -0.992266 40.092730 -17.150110 -41.645300 -3.815309 -14.965530 59.716020 -20.931630 -22.774950 -2.870208 -38.622080 -28.980810 70.416190 43.641530 -14.026990 -12.812340 25.643760 -29.044260 39.792730 -5.933634 -35.335850 69.906140 5.874642 -14.926430 35.395350 -92.245320 10.248180 47.332480 -13.543330 -30.763200 32.151430 -22.552950 -40.546952 -12.163600 -63.140390 28.348590 -52.984540 53.017400 -0.312110 7.411493 73.287110 14.597820 45.000410 7.154098 -31.753720 5.758370 -54.114010 -23.708700 59.073570 8.122901 -22.318770 -17.785620 14.321010 -37.660160 55.887070 12.507260 -24.397090 -58.604490 60.554920 7.973700 -2.963384 -55.906050 -14.266430 -32.083950 -47.288390 38.429620 -7.278446 -64.809620 27.279180 57.217660 -1.831820 -23.815470 68.049670 33.963800 -15.741810 35.557040 -34.781410 -39.168870 15.602260 -81.559170 16.838570 62.288970 -76.109490 19.839900 -3.586145 -50.869730 -17.994050 -29.291590 -48.363010 37.729590 75.553710 42.790810 -10.434790 37.498040 -91.238420 10.841720 45.860440 -23.087310 -32.109910 66.459980 -12.624490 -17.815890 39.278360 -92.274900 10.203300 2.974661 -36.235600 -36.085200 -40.149070 40.916260 -13.351750 -25.024690 -61.304430 29.553190 70.385610 -88.755250 12.108340 -59.123360 59.329180 6.726100 53.697770 -67.641030 25.082370 32.445870 -81.017610 17.062690 53.819430 -77.424080 19.093300 37.227960 -59.873420 29.999770 57.391510 -37.894060 -25.181510 32.855100 -5.888861 -39.525860 63.636100 -78.731240 18.232660 -23.655570 -36.862650 44.989840 6.066994 -35.183300 -39.536220 -13.641490 68.794170 12.598050 23.176270 -81.720740 16.697540 42.219300 -34.701080 -35.063920 -23.540560 79.560050 24.887660 -19.064780 -21.856610 -26.766700 37.384840 -58.786620 30.672400 -22.533090 -38.009000 44.248770 -20.365290 22.950760 -30.856230 68.210370 -90.301260 11.188350 2.360313 -65.018750 27.084170 14.131610 -82.099370 16.511330 -59.052360 -23.056510 41.949090 -1.078388 40.867100 -16.432880 -59.776670 -11.708040 10.669800 -2.352074 -44.099230 -24.865700 -30.534660 -46.916510 38.653770 -22.627600 20.119580 -33.050360 71.106020 -87.912640 12.612980 23.725390 -81.215050 17.002250 38.714870 -61.498260 28.981940 24.660550 -81.114070 17.058030 36.865240 -9.113550 -37.225020 43.246670 -26.178410 -33.941090 -20.682550 -50.542840 36.289640 24.196960 -60.742720 29.566750 -25.719270 -48.709580 37.484160 51.428570 -78.702730 18.328550 9.913308 40.576380 -17.763860 -38.666840 26.468160 -26.901340 -18.696670 -38.333880 44.004360 48.954990 -67.081140 25.460450 48.430810 -91.477300 10.619130 9.871859 -59.092230 -23.057810 -19.161920 -50.552420 36.272690 54.040280 -20.314910 -26.575270 -20.718820 13.710570 -38.018950 -25.403550 -38.754690 43.797460 -21.776870 16.938830 -35.565930 49.420560 -76.406000 19.742510 -4.390666 71.376740 14.163050 11.889390 -64.501980 27.335020 34.132160 -80.269080 17.505830 -15.606630 -40.273070 42.742460 -8.221553 -52.311350 35.080900 41.086790 -80.615040 17.243490 -11.712530 -51.314110 35.734810 48.230040 3.515139 -29.706290 -15.076990 -37.362170 44.586450 77.914660 -50.541350 -11.502120 -9.820889 -50.770350 36.061380 11.449150 -65.440130 26.758440 20.762630 -49.474600 36.615010 18.663730 -50.241940 36.152740 78.190050 38.832890 -8.607880 68.968010 -43.059390 -17.409970 -13.782900 -39.775130 43.040450 -1.204309 -49.831340 -21.074750 -4.375196 -41.623280 41.777450 29.618600 -62.066790 28.703350 71.029080 -6.922795 -14.443510 15.191020 -64.106190 27.556330 16.634590 -50.971880 35.712350 30.941570 -78.471040 18.622540 10.901660 -50.714870 35.919070 -4.568675 -52.258610 35.084250 -54.269430 -32.230080 42.422620 26.103620 -63.479970 27.855790 59.037700 -90.890360 10.894400 -25.714290 19.539950 -33.392900 6.564711 -39.462890 43.038130 -5.983172 -32.033750 47.886720 -6.990784 -40.641910 42.424270 69.779530 -35.018380 -16.389810 -54.417130 -32.048410 42.406580 44.676720 -16.614000 -32.575910 4.206545 -52.398420 34.922830 7.985482 -42.106850 41.353930 9.681575 -50.614910 35.990900 6.023709 -51.818410 35.268530 54.707130 -91.555230 10.525700 -1.266872 -40.695190 42.332360 -5.095315 27.472500 -27.815690 -43.013470 40.398300 -13.661670 0.349621 -41.426410 41.853680 70.967830 -27.269440 -15.200080 58.081240 22.306770 -22.730070 8.029506 -51.680440 35.336140 -53.741610 69.787320 17.423260 13.264840 -23.971750 -46.475283 13.331700 39.819630 -18.825630 56.489910 5.091325 -24.126390 -42.330260 -20.720330 -2.572720 -38.168990 70.894550 45.189530 -34.909720 -15.817690 -14.366760 4.760161 -43.244750 -31.904750 -52.542330 -35.430890 42.597960 -10.445710 -33.766490 -25.857840 56.375780 -17.466930 -24.886920 -44.873080 69.526870 16.405630 -14.283050 31.478020 -23.916080 -44.404400 67.432140 44.336310 -25.821880 -25.472940 -16.874590 -41.599460 79.378370 26.528440 -50.368200 -11.269900 -0.264160 -20.407830 23.831860 -30.119110 23.325300 41.135500 -18.803840 77.995960 -37.990890 -10.731910 49.224590 -48.486050 -31.474460 -46.458960 -9.051172 -6.171490 6.319635 -4.804847 -47.442794 -16.492540 33.044230 -22.389430 13.334100 73.441610 13.955170 -55.883590 -25.886230 42.298450 -46.983890 66.882840 43.996080 -11.808540 37.959990 -18.201140 -35.436540 54.143080 -0.399450 -68.034300 -25.814150 29.938810 -26.798400 69.471160 14.677410 -11.525150 -60.107910 -2.545460 -15.578220 -35.394060 -19.422710 -44.676660 -7.739318 -9.046890 20.510380 39.870710 -19.576140 71.963190 -45.923300 -15.455520 80.095630 -35.290730 -9.115280 -9.285238 -39.647880 -22.094670 -37.488850 32.483840 -21.533950 -16.082450 10.845900 -40.163267 -35.735260 -30.968140 -1.946180 -58.960210 -19.724380 41.995990 52.024450 -37.959800 -28.811550 -9.909397 12.489700 -39.199560 -45.633020 -15.210900 -2.876020 -17.096110 69.801770 14.025800 -11.834310 -52.481630 -8.751480 -14.754940 -27.940200 -26.328210 -24.646200 16.413560 -35.875550 -51.369060 62.904130 43.424450 -51.111890 60.661720 7.561580 47.137600 16.950870 -30.129900 -57.463550 -22.755480 42.142320 -22.525410 37.265760 -18.066020 -2.524781 14.352810 -38.024450 69.495380 -55.648880 -17.862970 78.331450 -62.684880 -12.024840 39.867820 -37.481260 -36.729120 6.813458 27.676780 -28.268580 -27.871390 34.324220 -20.434870 -36.830710 53.983530 45.341860 -36.233460 57.379880 45.434250 80.145330 -60.161740 -10.532590 40.746740 -29.091970 -35.654450 5.976648 58.397230 -0.257700 79.884000 -47.879830 -9.920180 -32.997310 -14.286130 -17.545700 -22.650280 -38.118530 -9.999780 35.996200 -2.569089 -37.545500 -20.738260 52.987320 -2.772120 -38.331530 -9.917658 -14.680090 -9.400224 -51.776880 -11.699910 -32.938050 33.312020 -21.039610 -31.440660 -32.290490 45.443250 -38.307360 53.588440 -0.745830 -46.045970 -30.376290 8.823450 -57.704850 -38.517300 27.971020 -74.738190 3.625283 40.441680 -50.910340 60.104680 43.475070 -29.928330 61.656670 46.355450 -39.420670 17.204120 44.765440 -25.784310 37.284310 46.883890 -25.137400 -60.140200 10.973580 -18.271250 33.167810 -22.147750 -10.428450 -46.447770 -15.243990 -57.027080 -16.571240 10.907170 -13.456810 -27.652320 48.236510 -35.510910 52.954360 45.525430 -26.478350 54.991330 -0.245840 -48.352980 59.468060 6.102300 -32.502220 -30.977650 45.305360 -30.642700 42.703980 -12.261110 -63.360730 -29.588590 27.460300 -48.836490 59.432690 43.738730 -21.638790 -50.754350 -0.478550 -51.178100 -26.342100 11.438240 -18.247790 -23.846450 47.510140 -0.722554 47.643940 -10.017940 -22.392220 21.783970 47.278920 -14.096220 46.327450 -9.994470 -18.590700 -23.726920 47.457560 -14.889770 -26.479130 48.017060 -32.656890 32.520520 45.827430 -21.521960 -21.432460 47.024670 -40.287660 13.868120 44.624850 -21.098110 -43.920790 -6.771640 -31.985930 29.552930 45.901390 -39.465630 53.416750 44.972230 16.660330 48.682350 -11.066110 37.409140 -40.183370 -38.460760 -11.752360 -15.473910 48.642700 -12.852490 -19.124230 48.424670 -17.624530 -56.060400 -0.013130 -9.692546 -21.513160 48.923670 -28.246490 36.689350 46.507030 -27.013990 41.174280 -14.012870 -13.281530 -34.394780 -22.551650 15.051460 -16.277360 -46.008156 -30.046670 33.129910 46.213000 -35.574430 -22.903800 44.955960 -16.749700 -42.210120 -12.584920 -19.366860 -20.869460 47.363620 24.757040 38.615760 -21.050870 -15.264820 -22.837260 47.993630 -19.497060 1.578955 47.552990 -23.585530 -21.963000 46.705130 -0.865882 17.234840 -35.958290 -16.704220 -8.008553 47.910290 27.953030 30.400710 -27.609070 55.404310 19.267160 -24.574540 -18.069650 5.134808 47.808010 -31.763950 -51.129540 10.233980 -20.359980 4.552656 47.442660 72.491010 -57.930470 -15.885710 54.124850 -35.259860 -27.228340 -17.100790 -13.494860 47.794120 -27.964680 -16.256250 46.107770 -35.233270 -24.806420 44.984020 12.639160 -9.483017 -46.359066 -41.879720 60.792230 7.007250 -27.047810 -12.724070 46.273840 -16.898320 -6.947403 47.889100 -3.931731 47.579580 -9.744440 -27.829680 13.058340 46.376990 -15.949640 -9.906679 48.012960 -14.956570 -12.930150 48.143310 -54.182340 -21.403850 11.160130 -42.563250 -35.665440 9.148370 17.971490 7.538603 -42.806023 -15.215840 -12.575120 48.104780 -19.118270 -27.613680 47.334370 -35.932890 14.820550 45.227970 -21.229120 7.617555 47.332880 -57.796400 24.133070 42.477210 -23.570810 -19.978660 46.726000 -18.420910 10.933710 47.801540 -39.999280 -11.660050 -11.646560 -17.798340 -4.069038 47.771840 -18.091430 -3.587329 47.729600 -18.637720 -1.312924 47.663410 -25.588300 24.574800 46.811400 -39.205080 -25.716480 44.427920 -27.112500 14.401090 46.493420 -23.443940 15.292730 47.053980 -26.229880 17.063050 46.646020 -37.321150 23.063840 45.093070 -25.938480 -15.755230 46.410760 -30.173420 -11.377620 45.829940 -20.859750 -1.878801 47.310580 -74.597430 7.280580 40.485800 -44.061660 49.341890 44.334750 -29.251150 9.029530 46.136220 -21.736870 1.013568 47.199410 -22.616310 3.989173 47.088350 -30.243090 12.491190 46.018780 -38.895950 -41.057180 9.503020 -53.303740 59.646410 43.172900 -19.081260 -7.511191 47.537820 -26.635520 -40.014770 -4.295610 -25.309770 28.868950 -25.471820 -18.111360 -10.470970 47.662170 -32.421010 -35.825850 -1.622660 20.234830 33.176700 -24.961630 -46.265060 45.501160 44.028320 -7.333108 -32.865460 -29.535700 -28.109970 -9.756344 46.143880 -7.715746 47.966760 -8.994590 -38.587140 -22.197560 44.548160 -27.011430 -10.605180 46.298030 19.976700 30.247710 -27.163660 -29.345850 8.256743 46.116100 -42.711100 16.502690 44.320080 -34.495590 28.972570 45.535380 -29.601370 44.839850 -10.226520 -61.373280 13.355100 41.986770 -63.570090 -1.511478 41.626060 -51.417480 37.770560 43.335130 -36.250110 25.356320 45.258380 -61.412830 -10.798710 41.794930 52.767770 -50.796800 -29.200310 22.698840 23.879870 -31.885640 1.333857 2.254292 -46.219270 -9.697616 55.790850 -1.007900 7.979929 -10.833410 -47.198820 30.117970 30.539030 -27.662700 -38.634720 24.831520 44.924670 -41.397060 10.000530 44.447200 -59.198170 20.648740 42.289820 -73.760100 14.767070 40.636280 9.630924 48.582000 -10.275690 -6.431838 -38.932700 -25.387200 -53.082660 34.379420 43.109240 -29.112740 -6.878118 46.022930 -13.070210 -47.035140 -12.156200 -62.604290 5.742220 41.792040 -63.049190 -11.100860 41.603860 -65.142350 12.669960 41.555230 -29.733520 2.269140 46.011040 -29.027510 -40.636560 -1.281990 -6.516643 56.661310 -0.475820 -30.684460 5.336233 45.898380 -54.576620 21.545160 42.847230 -19.058390 -42.981110 -9.609320 57.762860 -65.300710 -27.022820 -18.462810 -35.802810 -16.152790 -19.887760 55.449390 -0.353850 31.294080 21.146180 -34.129950 -31.007860 -1.232616 45.796970 -55.261040 56.270620 42.921730 17.085660 31.738090 -25.828100 -74.315820 11.088560 40.548740 -39.932690 -19.069180 44.396810 -60.152970 -13.563450 41.916490 -30.048630 -4.124169 45.910820 -28.066730 -34.223870 -7.517570 -61.032470 7.210936 41.982740 -35.158320 -46.385010 9.878970 -62.277180 -4.579222 41.747010 1.430713 15.394650 -37.306480 11.771170 48.957060 -10.174410 -41.204940 -16.041620 44.254860 -44.666630 5.592505 43.980520 -8.761139 46.273910 -10.542460 34.733460 37.662990 -22.773480 -54.710490 53.322760 42.980550 -65.771110 35.065340 41.624520 -43.593980 2.451444 44.095300 2.441196 48.609460 -9.427770 -17.235750 45.541270 -10.471180 -41.451030 -9.725999 44.278890 -61.783730 1.431616 41.851030 10.220510 55.687550 -3.476720 23.370290 20.655340 -34.106660 -55.389850 53.471210 42.897560 -60.414660 17.118860 42.123240 -42.421550 -13.076700 44.119760 24.625500 61.202150 -0.123520 -43.596750 -4.064422 44.041360 -44.492940 -0.205615 43.954980 6.157329 13.538890 -38.649170 -70.231990 28.127120 41.095250 -15.783180 38.741650 -17.133120 14.630150 27.167000 -29.103590 -71.266070 24.811020 40.965000 10.244110 -17.470990 -46.877123 2.798598 8.185308 -42.263792 -72.206230 21.534030 40.845300 67.238370 -65.180430 -20.218290 9.857407 14.357020 -38.117900 -55.925860 10.631980 42.606980 -19.181620 37.963120 -17.616740 -21.682170 29.657540 -25.001830 -2.559421 3.354138 -45.444390 27.460250 39.958180 -20.233620 -69.160640 31.392040 41.229680 21.078440 12.082430 -39.768530 38.755470 27.105740 -30.577420 -24.681560 26.012140 -27.969500 19.671260 49.890910 -10.324620 -11.832670 -40.334920 -19.006090 -32.834770 35.107120 -19.362160 16.336530 40.993650 -18.107960 -27.436850 43.330800 -11.868090 -20.597770 44.760960 -10.954950 50.844320 -53.416270 -30.772270 -67.965970 34.673970 41.379240 10.206450 10.763860 -40.568456 -61.561320 48.971880 42.149130 -19.393800 46.986680 -8.857870 -66.998220 36.370730 41.495610 -63.362490 45.519240 41.930840 33.778320 -12.331430 -39.134320 -59.151490 52.715360 42.443080 -18.108540 30.499410 -24.499860 13.971400 12.296760 -39.563390 14.341640 8.663942 -42.007533 19.655860 22.251260 -32.855390 11.306510 25.794810 -29.924640 -64.682680 41.917950 41.771920 17.425800 13.831470 -38.548870 -2.802481 27.077490 -28.192310 26.659880 19.217310 -35.191430 -65.036740 41.743690 41.731290 31.367520 29.070310 -28.771700 36.973320 23.908050 -32.591300 36.965940 26.809070 -30.658790 27.357500 18.245390 -35.850790 17.212140 -44.336610 -41.125551 12.637240 10.168630 -40.979930 13.533000 5.533609 -44.075548 -0.127873 4.030664 -45.011770 23.916480 10.737970 -40.693674 9.741991 25.856260 -29.795690 37.214020 39.213630 -21.830820 6.433336 30.792230 35.922690 -17.406260 27.641350 -27.001460 8.590511 31.222700 34.961040 5.613025 32.708410 36.086820 3.385031 23.790900 37.969870 6.143036 29.532340 36.169360 4.759894 21.849080 37.580640 1.480790 23.568800 38.836850 0.551604 0.695323 42.374890 26.926030 13.362640 29.089210 33.864640 9.883863 26.629260 32.325500 19.533740 26.317770 5.304824 14.209650 38.252180 0.324133 29.709710 38.679240 13.972160 -20.122870 39.633850 4.309286 19.063990 38.100250 22.327450 21.430900 30.171020 2.534913 34.252010 37.262310 -6.016466 16.229120 43.169530 11.753070 29.650530 33.775840 6.666823 12.420070 37.870540 -1.904594 -0.576600 43.758750 -3.750070 -2.767069 45.032020 32.830610 16.244180 26.421450 22.847110 18.281570 30.265100 37.879850 4.938417 25.534710 34.419520 6.674598 26.741520 1.361036 -2.406432 42.496410 32.786880 13.235820 26.727170 9.870013 -12.184870 40.127010 -4.190868 21.068970 41.691930 0.098515 16.986840 40.247090 26.392640 16.504080 28.988710 18.260410 26.422610 31.369500 14.429250 31.602470 32.478210 0.671616 12.577140 40.565250 14.973700 28.057280 32.578500 16.319570 40.146120 31.002590 23.845980 33.553050 28.494550 20.740330 31.923400 29.869530 38.545550 -13.827020 27.577250 22.067610 18.585180 30.556250 -5.781545 4.241680 44.840890 -1.840530 26.525450 39.983650 9.724948 10.797090 36.716550 16.732930 36.957260 31.081210 -13.630500 26.200490 45.435700 -5.626427 -5.763526 46.502450 36.968180 -6.589411 27.259920 28.177060 24.892490 27.487720 27.653750 28.606750 27.381050 33.341120 13.050860 26.523310 -0.274708 -6.494437 43.994590 51.170720 -7.551394 21.643060 19.038170 39.143990 29.984650 56.142330 -67.612200 -28.402740 37.373300 -21.947820 29.299900 36.526040 -6.890039 27.482560 39.773130 63.749930 -0.193470 -8.047219 2.893613 46.165850 -8.487718 -0.067917 46.894780 -3.510914 5.686755 43.521540 3.955839 -1.193933 41.068910 37.327570 8.158478 25.419480 13.427080 5.744261 35.735550 8.039116 34.730510 34.866220 9.058157 14.013650 36.608750 10.474820 7.313373 36.837770 31.204940 23.544740 26.404350 34.855280 -23.263800 30.615100 36.098270 -24.643030 30.299260 -5.188709 12.637980 43.280520 23.005190 -21.798460 35.701710 38.157290 -25.011530 29.459700 30.446820 29.089810 26.244030 4.765933 -4.302235 41.193380 31.655740 -10.236780 29.995890 41.977880 -15.598270 26.389710 30.120530 1.223838 29.133460 11.432730 -11.270100 39.228880 38.446800 1.759358 25.653600 19.299460 20.065810 31.554330 -26.773330 26.307740 -27.565870 8.427200 17.166050 36.507630 8.125072 21.322020 36.167410 -12.279540 14.577380 46.384960 48.587340 -9.269413 22.868230 -10.951860 27.222110 44.054740 1.484750 8.978515 40.688340 27.490080 10.176700 29.195730 3.153467 1.990950 40.945260 39.684500 -4.788643 25.915440 15.656260 -22.699140 39.322520 12.675660 9.240585 35.611690 54.257200 -9.073355 20.610080 35.270630 21.491890 24.984660 28.980160 -11.963800 31.404330 3.772486 1.033583 40.803790 -8.272571 14.349400 44.495260 29.333910 0.531784 29.547970 13.670010 -4.377646 37.072670 12.313810 -11.054320 38.779120 20.831810 15.504340 -37.424320 14.234680 2.103241 35.871590 30.063090 -3.009012 29.689190 -2.554073 -7.520536 45.301670 13.746730 -6.570711 37.379320 10.666660 -14.975270 40.251140 51.950560 -19.667560 22.853050 12.411340 -20.877740 40.527700 48.494600 8.634027 21.022110 23.839240 -24.729730 35.851570 29.569680 -17.127570 31.942000 0.067399 43.625520 37.467890 28.365320 -12.268940 31.718570 15.806720 3.967842 34.922910 23.945950 11.980760 30.466730 50.821300 -20.120640 23.374890 18.554730 -32.014620 39.815760 25.386930 -20.719190 34.417790 34.603880 -33.117580 32.485320 49.483890 2.170190 21.256360 16.968250 -18.470160 37.907780 26.394240 38.592830 27.123490 52.589440 0.665775 20.214070 15.892190 -4.955574 36.153290 -7.656509 39.399910 41.231180 7.183875 -13.028080 41.563030 20.598820 -30.616300 38.535000 68.426130 -12.943560 15.614310 41.176390 37.804650 -23.225150 10.855570 -25.127830 42.137680 44.261600 17.219810 21.881130 13.206720 -31.270030 42.286430 26.998630 -26.460430 34.713770 13.132370 -39.197580 -42.029825 0.156761 50.666330 36.868540 6.184987 -27.401250 44.960200 -16.548310 41.184470 45.075850 70.586250 -9.641387 14.469730 72.804560 -24.463390 15.282160 70.556020 -10.961490 14.613430 9.380208 46.440390 33.354340 21.546760 -32.200260 38.407870 8.039773 -28.315470 44.223900 68.666330 -69.660840 -19.573540 38.983510 -38.053820 31.448460 18.420170 44.283360 29.866260 0.132518 -16.427940 45.689810 32.987420 -37.454970 34.082310 51.623340 -23.727350 23.559120 2.846930 52.417620 35.618370 8.236436 48.911220 33.645850 48.011920 11.991860 20.905110 49.139860 -43.461350 27.951600 8.457758 -26.285130 43.572210 50.519290 -39.012220 26.514160 46.543070 -45.820460 29.579630 65.033580 11.222940 14.674900 44.924640 22.354150 21.219360 50.981400 -32.443410 25.180450 13.618350 66.410590 30.490350 24.371520 59.332310 26.711440 47.505310 15.690800 20.778730 69.177420 0.446543 14.055300 51.355930 -42.022830 26.705070 51.123410 10.509060 19.857130 -10.430750 58.519340 40.804650 24.640860 56.056790 26.766690 39.984900 29.158310 22.576460 70.208310 -28.781430 16.834290 36.346330 37.342370 23.399160 48.264140 49.538710 -15.023240 32.531810 50.843170 -11.343080 32.139520 50.129650 -11.944920 -78.716500 52.031500 40.295000 50.387820 51.099490 -14.088500 42.934690 27.821190 21.564170 -4.927676 68.100590 37.853680 81.047800 -80.130540 -11.421610 61.114500 -73.969560 -25.460460 32.433440 45.809930 24.366800 44.313480 27.495340 21.072880 39.226870 36.078540 22.401130 40.576010 61.956350 -2.123820 33.431580 47.797570 23.885940 67.312370 13.573890 13.690560 54.613570 -36.174390 24.267660 39.531990 56.736860 -6.994980 63.273060 29.090320 14.145780 41.837150 38.208590 21.305510 63.576670 25.494410 14.241350 67.302370 -78.401260 -21.396910 60.963250 -49.651400 23.989820 45.225720 50.195140 -13.994890 -25.078280 -9.697566 -27.391740 61.558320 36.265510 14.375970 59.906930 38.169400 14.859010 52.969620 51.770040 16.689430 59.625910 42.210670 14.775670'/>
					<Color color='1.000000 0.191243 0.000000 0.000000 1.000000 0.000000 0.981403 1.000000 0.000000 1.000000 0.164608 1.000000 0.614569 0.331869 1.000000 1.000000 0.957286 0.000000 1.000000 0.582938 0.000000 1.000000 0.562155 0.000000 1.000000 0.621555 0.000000 1.000000 0.923154 0.000000 1.000000 0.905203 0.000000 1.000000 0.639932 0.000000 1.000000 0.677922 0.000000 1.000000 0.787290 0.000000 1.000000 0.692864 0.000000 1.000000 0.869522 0.000000 1.000000 0.768289 0.000000 1.000000 0.823383 0.000000 1.000000 0.485600 0.000000 1.000000 0.193097 0.196544 1.000000 0.193481 0.224216 0.000000 1.000000 0.000000 1.000000 0.194390 0.291210 1.000000 0.195053 0.352372 1.000000 0.194469 0.297446 0.061166 1.000000 0.000000 1.000000 0.195300 0.381532 0.257395 1.000000 0.000000 0.311000 1.000000 0.000000 1.000000 0.194053 0.798331 1.000000 0.473055 0.000000 1.000000 0.196015 0.433240 0.498922 1.000000 0.000000 1.000000 0.196220 0.487923 1.000000 0.195984 0.427436 1.000000 0.196270 0.510336 1.000000 0.196571 0.546908 1.000000 0.187508 0.990347 0.532695 1.000000 0.000000 1.000000 0.179975 1.000000 1.000000 0.191509 0.893538 1.000000 0.196293 0.609159 0.656600 1.000000 0.000000 1.000000 0.195120 0.729913 0.677339 1.000000 0.000000 1.000000 0.195989 0.658646 1.000000 0.465411 0.000000 0.761460 1.000000 0.000000 0.786630 1.000000 0.000000 0.812268 1.000000 0.000000 0.835146 1.000000 0.000000 0.874967 1.000000 0.000000 0.890462 1.000000 0.000000 0.000000 1.000000 0.310996 0.000000 1.000000 0.390292 0.000000 1.000000 0.461663 0.000000 1.000000 0.547814 0.557234 0.440253 1.000000 1.000000 0.249390 1.000000 1.000000 0.254051 1.000000 0.000000 1.000000 0.648013 0.477681 0.548245 1.000000 1.000000 0.270310 1.000000 1.000000 0.274236 1.000000 0.000000 1.000000 0.718737 0.000000 1.000000 1.000000 0.942544 0.295965 1.000000 0.927414 0.298813 1.000000 0.000000 1.000000 0.795552 0.000000 1.000000 0.841475 0.405907 0.622307 1.000000 0.000000 0.836636 1.000000 0.000000 1.000000 0.863902 0.256951 0.726381 1.000000 0.000000 1.000000 0.902572 0.000000 1.000000 1.000000 0.000000 1.000000 1.000000 0.000000 0.859378 0.140926 0.000000 0.891332 1.000000 0.486455 0.340058 0.705369 0.000000 1.000000 1.000000 0.521575 0.340048 0.834498 0.341072 0.675101 1.000000 0.000000 1.000000 1.000000 0.529837 0.339854 0.867720 0.000000 0.772236 0.191509 0.000000 0.906635 1.000000 0.188070 0.655407 0.236337 0.000000 0.965268 1.000000 0.474080 0.341948 0.669624 0.582283 0.338268 1.000000 0.243028 0.597348 0.254721 0.246706 0.592429 0.256304 0.119658 0.773924 1.000000 0.276923 0.544378 0.271597 0.000000 0.955168 1.000000 0.000000 0.949955 1.000000 0.286430 0.526176 0.277064 0.550770 0.339867 0.961424 0.294501 0.508395 0.283175 1.000000 0.279996 0.143248 0.557710 0.339355 0.993560 0.442205 0.351903 0.596581 0.301963 0.493744 0.288662 1.000000 0.304607 0.191937 0.422542 0.359139 0.557204 1.000000 0.608187 1.000000 1.000000 0.301116 0.184258 1.000000 0.547934 1.000000 1.000000 0.645657 1.000000 1.000000 0.662743 1.000000 0.889118 0.322408 0.237112 0.961681 1.000000 1.000000 1.000000 0.907140 1.000000 1.000000 0.909398 1.000000 1.000000 0.891527 1.000000 0.404062 0.374665 0.333154 0.869340 0.324292 0.243324 1.000000 0.719907 1.000000 0.405103 0.374554 0.333039 1.000000 0.943397 1.000000 1.000000 0.736684 1.000000 1.000000 0.843655 1.000000 0.406470 0.365543 0.516489 0.772735 0.331198 0.271798 0.402424 0.376822 0.332526 0.325350 0.464634 0.299664 1.000000 0.831933 1.000000 0.751726 0.332237 0.277836 0.982610 0.974618 1.000000 1.000000 0.827326 1.000000 0.409503 0.374007 0.332690 0.977378 0.982126 1.000000 0.685817 0.335165 0.295920 0.681093 0.335345 0.297173 0.400729 0.379027 0.331881 1.000000 0.810585 1.000000 0.338521 0.451061 0.304978 0.964911 1.000000 0.981954 0.963178 1.000000 1.000000 0.965386 1.000000 0.968484 0.399263 0.381185 0.331065 0.966568 1.000000 0.935720 0.967786 1.000000 0.898910 0.967320 1.000000 0.913247 0.968700 1.000000 0.869995 0.968818 1.000000 0.866177 0.394539 0.387966 0.328474 0.607747 0.338030 0.313872 0.969337 1.000000 0.849645 0.979468 1.000000 0.395827 0.398044 0.369608 0.473330 0.969984 1.000000 0.828316 0.970617 1.000000 0.806378 0.973934 1.000000 0.683519 0.972613 1.000000 0.734889 0.976984 1.000000 0.545433 0.971281 1.000000 0.783714 0.971941 1.000000 0.760502 0.971802 1.000000 0.765695 0.974754 1.000000 0.649766 0.980028 1.000000 0.352661 0.072044 0.809911 1.000000 0.396067 0.372119 0.433906 0.356740 0.432842 0.312069 0.398481 0.373573 0.394236 0.402025 0.374217 0.360212 0.441878 0.368971 0.330552 0.559972 0.344355 0.321058 0.528366 0.351257 0.323940 0.870934 1.000000 1.000000 0.893368 1.000000 1.000000 0.918734 1.000000 1.000000 0.819189 1.000000 1.000000 0.000000 1.000000 1.000000 0.000000 1.000000 1.000000 0.638336 1.000000 1.000000 0.615515 1.000000 1.000000 0.430526 0.372925 0.330315 0.477818 1.000000 1.000000 0.324296 0.462916 0.400843 0.524082 0.430729 1.000000 0.355744 0.432833 0.323092 0.395900 0.377732 0.393020 0.353163 0.431461 0.450822 0.301540 0.493170 0.318926 0.565772 0.342938 0.330686 0.294654 0.517190 0.414484 0.324558 0.464287 0.329016 0.331557 0.461207 0.439126 0.375339 0.403621 0.461361 0.277487 0.567287 0.511117 0.349275 0.433056 0.413110 0.521735 0.346355 0.465963 0.271234 0.547867 0.330842 0.186352 0.839036 0.140794 0.560820 0.341261 0.503058 0.289517 0.518744 0.377314 0.300551 0.540447 0.523836 0.385835 0.399882 0.503932 0.281729 0.544149 0.443807 0.560943 0.342198 0.421406 0.503344 0.343729 0.590171 0.511009 0.341614 0.625980 0.350940 0.433086 0.375244 0.606062 0.338069 0.341999 0.488378 0.350043 0.511485 0.389356 0.384156 0.468195 0.563015 0.342498 0.382663 0.000000 0.758541 0.381345 0.372203 0.405710 0.422886 0.635760 0.345653 0.304945 0.000000 0.823795 0.312247 0.603095 0.338549 0.376159 0.000000 0.916013 0.416031 0.237683 0.597023 0.343730 0.112863 0.690439 0.375453 0.255607 0.572769 0.354083 0.597533 0.339679 0.453375 0.163820 0.668708 0.281632 0.517330 0.500874 0.262681 0.000000 0.756703 0.494876 0.495611 0.346674 0.551293 0.599929 0.339142 0.414861 0.452012 0.405963 0.718063 0.467709 0.448008 0.869234 0.188906 0.646080 0.356349 0.481075 0.490881 1.000000 0.518751 0.350594 0.387381 0.000000 0.931435 1.000000 0.484885 0.466391 0.995578 0.386890 0.386483 0.429173 0.518883 0.348898 0.426897 0.117622 0.689403 0.452808 0.288219 0.519700 0.341409 0.325508 0.510002 0.536414 0.000000 0.867522 0.548210 0.363609 0.476095 0.585769 0.440052 0.408867 0.684928 1.000000 0.301598 0.259399 0.380804 0.423679 0.533209 0.241170 0.595137 0.419843 0.275518 0.545736 0.402017 0.434137 0.547046 1.000000 0.546809 1.000000 1.000000 0.424724 0.782632 1.000000 0.000000 0.754281 0.568102 0.400361 0.557702 0.927884 0.281578 0.912837 1.000000 0.467125 0.425044 0.810543 0.365662 0.641848 1.000000 0.402988 0.442152 0.636906 0.374162 0.406557 0.384824 0.165817 1.000000 1.000000 0.407857 0.489104 0.754987 0.163302 0.667055 0.463426 0.471403 0.494207 1.000000 0.192508 0.644603 0.435506 0.775634 0.331610 0.335081 0.679390 0.335697 0.326141 0.452612 0.438849 0.295656 0.338802 0.506713 0.573243 0.407835 0.464749 0.698312 0.000000 0.953664 0.646195 0.715399 0.488614 0.234148 0.157089 0.668779 0.385589 0.215549 0.621974 0.367354 0.481307 0.354379 0.468675 0.864687 0.325181 0.310974 0.240795 1.000000 1.000000 0.746440 0.332797 0.308447 0.627851 0.675526 1.000000 0.411343 0.893691 1.000000 0.770160 0.332921 0.413473 0.595846 0.340737 0.536453 1.000000 0.303432 0.429921 0.425304 0.570257 1.000000 0.302983 0.675834 1.000000 0.000000 0.864443 0.655957 0.712348 0.334399 0.317555 0.261575 0.570520 0.431476 1.000000 0.303116 0.387351 0.816715 0.331385 0.601300 0.614707 0.692696 1.000000 0.679832 0.545170 0.225042 0.406506 0.986264 1.000000 0.709707 0.334944 0.352383 0.767003 0.333682 0.456904 0.137746 0.686614 0.528555 0.883156 0.324915 0.509020 0.518801 0.873152 1.000000 0.251248 1.000000 1.000000 0.341422 0.614566 0.904640 0.220943 0.619983 0.447156 0.227328 0.618710 0.486559 0.676374 0.336360 0.360384 1.000000 0.302510 0.342035 0.632235 0.339344 0.488699 0.509089 0.867694 0.054287 0.502105 0.772046 1.000000 0.387615 0.747179 0.184741 0.294132 1.000000 1.000000 0.518290 0.352628 0.352685 0.419829 0.454580 0.293266 0.640879 0.337546 0.368735 0.655934 0.548962 0.228010 0.205502 0.641917 0.511340 0.877530 0.325800 0.586585 0.368508 0.499303 0.651564 1.000000 0.295458 0.249606 0.488522 0.504462 0.265471 0.702987 0.336528 0.429627 1.000000 0.303872 0.471341 0.687760 0.661723 1.000000 0.763870 0.334495 0.498059 0.596043 0.340223 0.496211 0.501839 0.888746 1.000000 0.394499 0.746251 0.184639 0.963869 0.721806 0.000000 0.772715 0.332329 0.374211 0.394068 0.517323 0.779666 0.917728 0.320771 0.418197 0.384168 0.464764 0.293229 0.889653 0.323572 0.381853 0.406883 0.809242 0.145244 0.348499 0.592882 0.847908 0.426078 0.993920 1.000000 0.546007 0.871322 1.000000 0.884879 0.324721 0.468007 1.000000 0.302136 0.300641 0.595425 0.341091 0.574912 0.607528 0.754369 1.000000 1.000000 0.613819 1.000000 0.354520 0.569811 0.792681 0.457416 0.983818 1.000000 1.000000 0.282653 0.273846 0.719859 0.658154 1.000000 0.729144 0.336683 0.546260 0.965595 0.314759 0.565206 0.725122 0.649055 1.000000 0.387807 0.445946 0.597547 0.407975 0.643939 0.227129 0.295814 0.923163 1.000000 1.000000 0.535999 1.000000 0.389631 0.801655 0.152728 1.000000 0.677962 1.000000 0.783521 0.707408 1.000000 0.994791 0.644377 1.000000 1.000000 0.765241 1.000000 0.812558 0.331864 0.675140 0.637372 0.338230 0.407240 1.000000 0.599272 1.000000 0.679402 1.000000 1.000000 0.395952 0.419736 0.572424 0.811396 0.759182 0.086934 0.686993 0.732848 1.000000 0.662396 0.339561 0.597986 0.842600 0.860448 0.000000 0.312661 0.537536 0.560620 1.000000 0.768646 1.000000 0.679976 1.000000 1.000000 0.422577 0.507510 0.272248 0.986319 0.541578 1.000000 0.658936 0.847437 1.000000 0.583406 0.756395 1.000000 0.000000 1.000000 0.968175 0.661058 0.553347 0.225808 0.000000 0.839022 0.701700 0.367998 0.524102 0.709204 0.459013 0.992302 1.000000 0.388075 0.498712 0.279056 1.000000 0.535124 1.000000 0.698307 0.732976 1.000000 1.000000 0.754362 1.000000 0.708766 0.730608 1.000000 0.669387 0.337816 0.437606 0.695476 0.338150 0.554073 0.555436 0.956801 1.000000 0.909255 0.803478 1.000000 0.508648 0.974976 1.000000 0.964685 0.649391 1.000000 0.715757 0.519596 0.225785 0.305192 0.559004 0.264584 0.719510 1.000000 1.000000 1.000000 0.698110 1.000000 0.816318 0.619743 1.000000 0.407061 0.513818 0.815616 0.575535 0.953449 1.000000 0.819226 0.331224 0.561203 0.359735 0.467589 0.294664 0.637643 1.000000 1.000000 0.373114 0.483057 0.286753 0.970039 0.664595 1.000000 0.885240 0.748326 0.050445 0.762320 0.824692 1.000000 0.806385 0.704570 1.000000 0.732837 0.987153 1.000000 0.685252 0.921555 1.000000 0.863022 0.680457 1.000000 0.657256 0.933642 1.000000 0.800263 0.331154 0.405614 0.767701 0.997915 1.000000 1.000000 0.305137 0.838425 0.684516 0.931389 1.000000 0.748305 0.822444 1.000000 0.981655 0.855764 1.000000 0.957624 0.859003 1.000000 1.000000 0.275637 0.308130 0.925769 0.319471 0.754124 0.757048 0.984948 1.000000 0.367759 0.546142 0.767758 0.832257 0.954696 1.000000 0.942197 0.782048 1.000000 1.000000 0.305074 0.550205 0.797587 0.817145 1.000000 0.934125 0.862068 1.000000 0.796220 0.720629 1.000000 0.887026 0.879070 1.000000 0.724810 0.913007 1.000000 0.000000 1.000000 1.000000 0.900020 0.787784 1.000000 0.909810 0.580243 1.000000 0.361680 0.501679 0.280432 0.950324 0.934963 1.000000 0.905274 0.997938 1.000000 0.816520 0.965129 1.000000 0.955761 0.315784 0.710134 0.000000 1.000000 1.000000 0.731356 0.336385 0.505876 0.810190 0.890434 1.000000 0.939251 0.920589 1.000000 0.877156 0.882770 1.000000 0.832728 0.887909 1.000000 0.868302 0.595699 1.000000 0.869877 0.950580 1.000000 0.546865 0.496402 0.261499 0.379129 0.646299 0.228738 0.877917 0.943495 1.000000 0.986655 0.311248 0.669357 0.922646 0.319709 0.333713 0.852373 0.883108 1.000000 0.538255 0.865459 0.044233 0.443280 0.361971 0.471051 0.726973 0.504726 0.227446 0.887019 0.324293 0.426126 0.064633 0.726318 0.686495 0.874789 1.000000 0.274595 0.227633 0.637977 0.589867 0.394642 0.468183 0.663710 0.000000 1.000000 1.000000 0.341008 0.530752 0.638917 0.849371 0.328636 0.553892 0.609222 0.844005 0.058482 0.519245 0.536742 0.251309 0.812080 1.000000 0.302225 0.271482 0.609970 0.636971 0.718940 0.906575 0.000000 0.000000 0.751524 0.637722 0.428242 0.511813 0.270168 0.783418 0.476989 0.222462 1.000000 0.300041 0.763267 0.691659 0.338621 0.702359 0.101845 0.706506 0.591111 0.441803 0.367814 0.358634 0.516533 0.549759 0.247372 0.995106 0.701839 0.000000 0.149794 1.000000 0.990888 0.786563 1.000000 0.304492 0.579996 0.565466 0.234507 0.551244 0.718025 0.181063 0.000000 0.989482 0.911966 0.736284 0.799656 0.071319 0.265930 0.684357 0.948085 0.314885 0.579241 0.685328 0.150249 0.684980 0.567279 0.761473 0.480809 0.226440 0.951556 0.315439 0.784228 1.000000 0.293545 0.756166 0.341080 0.552725 0.696996 0.363344 0.589638 0.249816 0.374352 0.448107 0.302094 0.124725 0.722497 0.757215 0.154430 1.000000 0.944758 0.755135 0.335919 0.654017 0.424381 0.442518 0.298081 0.000000 0.728114 0.648942 0.799449 0.775747 0.071718 0.297402 0.643292 0.858759 0.326882 0.534190 0.600302 0.348545 0.485864 0.287965 0.736833 1.000000 0.337523 0.480559 0.795235 0.145857 0.805570 0.330146 0.326796 0.152147 1.000000 0.967414 0.508768 0.586271 0.236747 0.480224 0.434684 0.294048 0.893626 0.322480 0.831052 0.972703 0.309205 0.913802 0.630121 0.340410 0.604891 0.613860 0.467711 0.261262 0.451060 0.581198 0.244715 0.862129 1.000000 0.430495 0.873231 1.000000 0.403113 1.000000 0.304035 0.906948 0.663166 0.339409 0.561478 0.832902 0.633280 0.163250 1.000000 0.299441 0.831305 0.247131 0.614744 0.563181 0.259033 0.650864 0.757067 0.672442 0.337294 0.398959 0.640674 0.676493 0.186688 0.216321 0.639989 0.551095 0.317748 0.620047 0.836273 0.406379 0.585696 0.247555 0.616764 1.000000 1.000000 0.525479 0.720627 0.183265 0.000000 0.810158 0.816514 0.000000 0.962989 0.989414 0.000000 1.000000 0.767818 0.736499 1.000000 0.363389 0.936828 1.000000 0.373945 0.749751 1.000000 0.701714 0.933525 1.000000 0.570876 0.000000 0.797860 1.000000 0.506377 0.554428 0.247180 0.324191 0.598500 0.780333 0.000000 0.837698 0.735721 0.856579 1.000000 1.000000 0.872666 1.000000 0.440276 0.619927 0.703141 0.178034 0.494250 0.781293 0.153404 0.610691 1.000000 1.000000 0.494678 0.635509 0.221669 0.000000 0.965723 0.923371 0.756113 1.000000 0.371551 0.201117 0.713490 0.897695 0.000000 0.834827 0.804714 0.821497 1.000000 1.000000 0.713806 0.590464 0.205415 0.930867 1.000000 0.686641 0.629027 0.619105 0.210324 0.818283 1.000000 1.000000 0.846308 1.000000 1.000000 0.858982 1.000000 0.598426 0.796268 1.000000 0.993018 0.729525 1.000000 0.724575 0.249483 0.670199 0.814094 0.858481 1.000000 0.620658 0.836381 1.000000 0.432219 0.808576 0.540703 0.200400 0.596273 0.340963 0.610930 0.922733 1.000000 0.961999 0.897958 1.000000 0.986536 0.218167 0.710807 0.936426 0.921076 1.000000 1.000000 0.909601 1.000000 0.572572 0.508121 0.618606 0.226080 0.327823 0.555880 0.661347 0.476929 0.357872 0.430386 0.885167 1.000000 0.596718 0.619408 1.000000 0.988688 0.292790 0.625374 0.768510 0.822299 1.000000 0.991421 0.772929 0.459981 0.229839 0.857899 1.000000 1.000000 0.903091 1.000000 0.832797 0.770782 1.000000 0.994520 0.507097 0.442480 0.287104 0.899418 1.000000 0.903544 0.736153 0.413642 0.253717 0.892040 0.323231 0.341870 0.927638 1.000000 0.809304 0.000000 0.801850 0.966572 0.903726 1.000000 0.810866 0.920549 0.318509 0.858202 0.784917 0.334090 0.646980 0.875710 1.000000 0.941819 0.747335 1.000000 0.949478 0.612455 1.000000 1.000000 0.475614 0.360155 0.390542 0.558198 0.776751 0.146609 0.773094 1.000000 0.925488 0.901107 1.000000 0.895838 0.696106 0.599301 0.205833 0.855526 1.000000 0.742758 0.900391 1.000000 0.917795 0.899633 1.000000 0.940280 0.000000 0.836303 0.769725 0.000000 0.808194 0.854226 0.555726 0.362142 0.314236 0.898292 1.000000 0.937473 0.794598 1.000000 1.000000 0.778844 1.000000 0.722045 0.904326 1.000000 0.788281 0.560495 1.000000 0.635516 0.780020 1.000000 0.980480 0.940522 1.000000 0.767964 0.192723 0.662127 0.578268 0.901783 1.000000 0.874520 0.900460 1.000000 0.870794 0.902432 1.000000 0.854146 0.907526 1.000000 0.663228 0.549888 1.000000 1.000000 0.866407 1.000000 0.733995 0.904362 1.000000 0.731584 0.882302 1.000000 0.716042 0.788984 1.000000 0.661937 0.772360 1.000000 0.948071 0.743986 1.000000 0.912735 0.878509 1.000000 0.855673 0.000000 1.000000 0.742133 0.784373 1.000000 0.459983 0.829202 1.000000 0.769776 0.879178 1.000000 0.834318 0.879840 1.000000 0.812372 0.829810 1.000000 0.744273 0.000000 0.806079 0.893027 0.711153 1.000000 0.364885 0.877206 1.000000 0.897358 0.207344 0.694560 0.803051 0.429940 0.547049 0.258479 0.876495 1.000000 0.919322 0.146135 0.720444 0.791168 0.716075 0.451337 0.245818 0.754328 1.000000 0.487733 0.353871 0.503020 0.612983 0.773775 1.000000 0.903431 0.678182 0.612013 0.204716 0.582403 1.000000 0.980713 0.782304 1.000000 0.910571 0.696641 0.439881 0.254150 0.825810 1.000000 0.775136 0.711969 1.000000 0.703575 0.832723 1.000000 0.622274 0.518579 0.646306 0.215160 0.457308 1.000000 0.709498 0.296618 1.000000 0.812716 0.681290 1.000000 0.541434 0.806057 1.000000 0.646553 0.236716 1.000000 0.879844 0.722520 0.337580 0.730345 0.672454 0.406362 0.272087 0.433337 0.383610 0.324865 0.728477 0.665016 0.175287 0.440170 0.366795 0.393305 0.747259 0.406387 0.253333 0.780533 1.000000 0.647972 0.703619 1.000000 0.750905 0.526809 1.000000 0.659342 0.174970 1.000000 0.689755 0.773999 0.563977 0.201537 0.354581 0.527453 0.673765 0.653073 1.000000 0.565064 0.774458 1.000000 0.882095 0.305549 0.622706 0.802461 0.385165 1.000000 0.762369 0.160342 1.000000 0.880627 0.386989 1.000000 0.711316 0.801927 1.000000 0.816984 0.165604 0.718270 0.825108 0.753210 0.661367 0.171470 0.802533 1.000000 0.794378 0.591506 1.000000 0.656867 0.272321 0.648362 0.791071 0.722357 0.336828 0.834939 0.297291 0.604527 0.706577 0.665563 0.689952 0.176443 0.699128 0.367538 0.280167 0.775776 1.000000 0.840359 0.683881 1.000000 0.392089 0.691599 0.455254 0.249977 0.000000 1.000000 0.715432 0.583137 1.000000 0.957297 0.235366 1.000000 0.900354 0.775109 1.000000 0.861718 0.222485 0.674797 0.746170 0.424833 1.000000 0.753277 0.000000 0.803876 0.931756 0.295710 1.000000 0.835352 0.509531 0.430350 0.292076 0.787387 0.559055 0.200097 0.583840 1.000000 0.934702 0.648272 1.000000 0.778974 0.659367 0.604899 0.210262 0.812643 0.417867 0.232254 0.683500 1.000000 0.417263 0.495413 1.000000 0.549082 0.647690 1.000000 0.802117 0.737797 0.586639 0.202009 0.604354 0.622360 0.213004 0.615982 1.000000 0.889935 0.366877 1.000000 0.793423 0.832379 0.602970 0.175147 0.657524 0.392500 0.281071 0.676520 1.000000 0.415374 0.492470 1.000000 0.683527 0.584527 1.000000 0.912631 0.944538 0.582524 0.148921 0.617265 1.000000 0.848019 0.624531 1.000000 0.819999 0.525609 0.412792 0.297487 0.390504 1.000000 0.596464 0.562199 0.579495 0.232707 0.651271 0.443712 0.262746 0.349494 1.000000 0.619706 0.439746 0.365059 0.432111 0.475981 0.401101 0.310510 0.303544 1.000000 0.642588 0.833454 0.328381 0.877356 0.550799 0.407014 0.295980 0.525004 1.000000 0.733350 0.535492 0.582951 0.234918 0.460071 0.543697 0.256364 0.416550 0.395420 0.321843 0.794451 0.456260 0.225656 0.426767 1.000000 0.573446 0.597823 0.369310 0.303538 0.768012 0.360048 0.263624 0.414402 0.531391 0.265460 0.831884 0.536591 0.195983 0.327592 0.576340 0.719092 0.420817 0.595681 0.242995 0.749848 0.500819 0.223793 0.521803 0.632464 0.219803 0.577636 0.625778 0.215522 0.691548 0.338616 0.737009 0.461229 1.000000 0.550195 0.532281 0.393285 0.305150 0.595722 1.000000 0.446049 0.602271 0.636331 0.208454 0.482909 1.000000 0.538364 0.563852 1.000000 0.471681 0.634380 0.339116 0.445625 0.633224 1.000000 0.417979 0.488951 0.540356 0.254055 0.561400 0.389313 0.301854 0.542872 0.375671 0.311024 0.647974 0.409814 0.276495 0.625993 0.447681 0.266472 0.535460 1.000000 0.498373 0.588562 0.385673 0.298534 0.557762 0.489537 0.262828 0.665854 0.376819 0.285259 0.530172 1.000000 0.499404 0.744602 0.396195 0.257675 0.741663 0.355808 0.272725 0.758029 0.366306 0.264448 0.663953 0.371163 0.287996 0.431033 0.388372 0.618729 0.542214 0.385251 0.307047 0.520915 0.367068 0.318658 0.435088 0.392840 0.320462 0.604958 0.356345 0.307368 0.618212 0.452246 0.266273 0.833759 0.414304 0.227437 1.000000 0.869333 0.565212 0.473929 0.524570 0.261178 1.000000 0.857002 0.557456 1.000000 0.872306 0.552362 1.000000 0.892415 0.625028 1.000000 0.871979 0.575370 1.000000 0.886530 0.636730 1.000000 0.903278 0.631027 1.000000 0.934561 0.811321 1.000000 0.768095 0.652020 1.000000 0.730357 0.663022 1.000000 0.731289 0.596182 1.000000 0.891125 0.693853 1.000000 0.904108 0.586564 1.000000 0.885439 0.942277 1.000000 0.891759 0.658997 1.000000 0.787675 0.602252 1.000000 0.888069 0.547016 1.000000 0.953171 0.705765 1.000000 0.840664 0.562796 1.000000 0.885291 0.704352 1.000000 0.950618 0.828118 1.000000 0.964559 0.850904 1.000000 0.730996 0.618976 1.000000 0.787354 0.624356 1.000000 0.710788 0.690706 1.000000 0.730008 0.685283 1.000000 0.934055 0.833903 1.000000 0.733801 0.640864 1.000000 0.897857 0.889225 1.000000 0.937579 0.663538 1.000000 0.917665 0.684867 1.000000 0.768426 0.630086 1.000000 0.806720 0.573642 1.000000 0.824188 0.542770 1.000000 0.919255 0.717649 1.000000 0.823917 0.568143 1.000000 0.807656 0.475113 1.000000 0.769840 0.510286 1.000000 0.788535 0.528106 1.000000 0.727145 0.828860 1.000000 0.791565 0.623737 1.000000 0.966645 0.800042 1.000000 0.919030 0.615871 1.000000 0.869590 0.709535 1.000000 0.807471 0.498284 0.996521 0.985305 0.646271 0.989818 0.980136 0.880703 1.000000 0.728312 0.777845 1.000000 0.751286 0.565369 1.000000 0.751557 0.539362 1.000000 0.730676 0.641083 1.000000 0.949553 0.871402 1.000000 0.639757 0.753780 1.000000 0.793175 0.477660 0.693274 0.338125 0.840964 1.000000 0.745095 0.894382 1.000000 0.731361 0.781108 1.000000 0.531383 0.134499 0.991768 0.981677 0.817076 0.985635 0.988495 0.842328 1.000000 0.951583 0.782442 1.000000 0.917254 0.817290 1.000000 0.711142 0.668439 1.000000 0.853877 0.739387 1.000000 0.857289 0.532014 1.000000 0.870003 0.686550 1.000000 0.869117 0.734437 1.000000 0.734720 0.569351 1.000000 0.762650 0.911129 1.000000 0.756889 0.918826 1.000000 0.952614 0.731862 1.000000 0.833302 0.930798 1.000000 0.744518 0.916455 1.000000 0.735095 0.530693 1.000000 0.916737 0.839869 1.000000 0.764989 0.817890 1.000000 0.707887 0.834244 1.000000 0.761137 0.734895 1.000000 0.887232 0.877594 1.000000 0.710422 0.712738 1.000000 0.806101 0.618565 0.401785 0.537144 0.264992 1.000000 0.870395 0.664022 1.000000 0.868118 0.633200 0.988853 0.990880 0.734896 1.000000 0.658390 0.771929 1.000000 0.969216 0.631728 1.000000 0.918762 0.743644 1.000000 0.767738 0.674275 1.000000 0.917753 0.794197 1.000000 0.709611 0.758317 1.000000 0.879363 0.958615 1.000000 0.854362 0.714464 1.000000 0.621016 0.758363 1.000000 0.712354 0.576429 1.000000 0.783352 0.837683 1.000000 0.915395 0.800139 1.000000 0.968204 0.726272 1.000000 0.766556 0.741839 1.000000 0.864634 0.817107 1.000000 0.881693 0.873485 0.616119 0.382262 0.294924 1.000000 0.853372 0.765386 1.000000 0.766084 0.766761 1.000000 0.964603 0.886256 1.000000 0.867051 0.834126 1.000000 0.897297 0.909605 1.000000 0.648647 0.841893 1.000000 0.896078 0.952923 1.000000 0.641595 0.642894 1.000000 0.832726 0.952228 1.000000 0.786591 0.876381 1.000000 0.894425 0.479490 1.000000 0.787459 0.841565 1.000000 0.842116 0.747295 1.000000 0.786681 0.668542 1.000000 0.656675 0.847913 1.000000 0.877394 1.000000 1.000000 0.817178 0.915708 1.000000 0.779288 0.990851 1.000000 0.640997 0.686982 1.000000 0.864796 0.920451 1.000000 0.752156 0.468670 1.000000 0.622242 0.691559 1.000000 0.852321 0.815966 1.000000 0.939904 0.528781 1.000000 0.915120 0.903533 1.000000 0.862322 1.000000 1.000000 0.524941 0.757062 0.842931 0.391520 0.231947 1.000000 0.912616 0.992748 1.000000 0.661196 0.590081 1.000000 0.909092 1.000000 1.000000 0.816043 0.957586 0.416956 0.391426 0.582884 1.000000 0.889217 0.423340 1.000000 0.945257 1.000000 0.998998 0.987229 0.534289 1.000000 0.504766 0.729287 1.000000 0.504790 0.831439 1.000000 0.506418 0.738690 1.000000 0.841828 0.439652 1.000000 0.859208 1.000000 1.000000 0.935527 1.000000 0.832496 0.327975 0.910553 1.000000 0.759600 1.000000 1.000000 0.793456 0.440041 0.998395 0.962839 0.952034 1.000000 0.796768 1.000000 1.000000 0.656043 0.873442 1.000000 0.873637 0.404107 1.000000 0.846556 0.422360 1.000000 0.641860 0.620047 1.000000 0.702363 1.000000 1.000000 0.929299 1.000000 1.000000 0.685771 0.995886 1.000000 0.723739 1.000000 1.000000 0.527378 0.594685 1.000000 0.653300 0.552680 1.000000 0.672538 0.942502 1.000000 0.808762 0.263811 1.000000 0.752991 0.311325 1.000000 0.642106 0.594897 1.000000 0.505655 0.661453 1.000000 0.685091 1.000000 1.000000 0.623147 0.624667 1.000000 0.941210 0.377939 1.000000 0.752895 0.338000 1.000000 0.678814 0.513257 1.000000 0.530888 0.869062 1.000000 0.695455 0.460936 0.950274 0.409565 0.192586 0.895840 0.490784 0.190671 0.888665 0.488598 0.193154 0.354965 1.000000 0.406297 0.969624 0.405735 0.186592 1.000000 0.661822 0.517654 1.000000 0.906754 0.278472 0.939011 0.311495 1.000000 0.723260 0.336395 0.900594 1.000000 0.713658 0.405296 1.000000 0.653589 0.517599 1.000000 0.679135 0.465291 1.000000 0.516799 0.143879 1.000000 0.706931 0.388890 1.000000 0.508703 0.574799 1.000000 0.653711 0.962764 0.971062 0.491627 0.167466 1.000000 0.527900 0.476330 1.000000 0.662297 0.445889 1.000000 0.527885 0.500176 0.777646 0.332136 0.955899 1.000000 0.631638 1.000000 0.942782 0.428356 0.190641 0.308140 0.541018 0.483719 1.000000 0.536121 0.430100 1.000000 0.546642 0.419375 1.000000 0.586849 0.332071 1.000000 0.546656 0.391830'/>
				</IndexedFaceSet>
				<Appearance>
					<Material specularColor='.6 .6 .6' shininess='0.95' transparency='0.300000'/>
				</Appearance>
			</Shape>
		</Transform>
	</Scene>
</X3D>
